gesture,landmark_0,landmark_1,landmark_2,landmark_3,landmark_4,landmark_5,landmark_6,landmark_7,landmark_8,landmark_9,landmark_10,landmark_11,landmark_12,landmark_13,landmark_14,landmark_15,landmark_16,landmark_17,landmark_18,landmark_19,landmark_20,landmark_21,landmark_22,landmark_23,landmark_24,landmark_25,landmark_26,landmark_27,landmark_28,landmark_29,landmark_30,landmark_31,landmark_32,landmark_33,landmark_34,landmark_35,landmark_36,landmark_37,landmark_38,landmark_39,landmark_40,landmark_41,landmark_42,landmark_43,landmark_44,landmark_45,landmark_46,landmark_47,landmark_48,landmark_49,landmark_50,landmark_51,landmark_52,landmark_53,landmark_54,landmark_55,landmark_56,landmark_57,landmark_58,landmark_59,landmark_60,landmark_61,landmark_62
fist,0.7913474,0.47913948,-3.0347346e-07,0.718026,0.5216113,-0.07817743,0.6433803,0.5628682,-0.13529287,0.66092265,0.60571337,-0.17772016,0.74549735,0.6003896,-0.20982775,0.63319725,0.3111939,-0.12616271,0.65440243,0.506637,-0.18306765,0.67638814,0.5419856,-0.21053824,0.68478906,0.4944604,-0.22830765,0.7207877,0.27771348,-0.113431476,0.7513797,0.51983744,-0.15750204,0.74542415,0.5309914,-0.15544452,0.7322231,0.46603045,-0.15286759,0.80642223,0.28671306,-0.1068503,0.8304925,0.5172084,-0.1423155,0.80804217,0.5139948,-0.111446954,0.7923077,0.44925174,-0.08561201,0.8793701,0.3196461,-0.11071982,0.8846241,0.4839372,-0.14700142,0.86402005,0.48209447,-0.13963324,0.85295534,0.4312655,-0.12460427
fist,0.7962823,0.48255426,-2.8988964e-07,0.7237755,0.525128,-0.07908121,0.6498221,0.56619537,-0.13655765,0.668265,0.6089236,-0.1792064,0.7531881,0.6038519,-0.21142213,0.64064884,0.31530112,-0.12698433,0.6616162,0.51118463,-0.1846024,0.68229425,0.5449962,-0.2127014,0.6907015,0.49677944,-0.23077814,0.7280795,0.28220442,-0.1137166,0.75904024,0.5240224,-0.1580949,0.7521137,0.53239316,-0.15597935,0.7387217,0.46656698,-0.15318458,0.8134388,0.29133636,-0.10672848,0.83777153,0.52153575,-0.14280315,0.8148486,0.51542777,-0.11163058,0.799255,0.4493741,-0.08512996,0.88618314,0.32387215,-0.11030275,0.89180917,0.48713058,-0.14727773,0.8706382,0.48258248,-0.13998798,0.859546,0.43015918,-0.12458529
fist,0.79622364,0.47856236,-2.991813e-07,0.72460115,0.5219247,-0.080324724,0.6515592,0.56298006,-0.13798793,0.6702813,0.60524577,-0.18055837,0.7544805,0.6003143,-0.21262017,0.6453265,0.31413418,-0.12800267,0.6661575,0.50881976,-0.18568589,0.68492997,0.5421657,-0.21334212,0.6925509,0.49384245,-0.23104687,0.7319721,0.28139088,-0.113759145,0.7626839,0.5204474,-0.15862201,0.75418496,0.5284458,-0.15628454,0.7399636,0.46205473,-0.15310918,0.8164179,0.28998703,-0.105871834,0.8408721,0.5174881,-0.14304176,0.8173541,0.510952,-0.11235,0.8014356,0.44425005,-0.0858455,0.8883138,0.32131317,-0.10855065,0.89467496,0.48268515,-0.14641565,0.8724934,0.4785502,-0.13987751,0.86036766,0.42651853,-0.1249148
fist,0.796026,0.47455233,-3.075959e-07,0.7251242,0.51792,-0.08114748,0.65242565,0.55901414,-0.13899308,0.66979444,0.60015535,-0.18157241,0.7524861,0.5940174,-0.2136846,0.6458784,0.31091696,-0.12844837,0.66733766,0.50303984,-0.18506154,0.684334,0.53624725,-0.21167755,0.68961704,0.48775777,-0.22913523,0.7312475,0.27793187,-0.11369441,0.7618216,0.51294774,-0.15846306,0.7546618,0.52261,-0.15635483,0.74051845,0.45650226,-0.15373583,0.81494987,0.2855286,-0.10523318,0.8399226,0.50925285,-0.14285453,0.8184625,0.50597495,-0.11361863,0.80306596,0.44092155,-0.08863146,0.88674384,0.31546268,-0.1072415,0.89382267,0.47473937,-0.14503142,0.8733784,0.47455812,-0.1394905,0.86218566,0.42547217,-0.12597947
fist,0.79339284,0.47402868,-3.178535e-07,0.7221507,0.5170123,-0.080251195,0.64954877,0.55724514,-0.13729124,0.666057,0.5970348,-0.17920983,0.7477642,0.5904028,-0.21078782,0.6424848,0.30910033,-0.12609886,0.66421473,0.49839658,-0.18131593,0.68127453,0.53219587,-0.2072076,0.6858034,0.4845193,-0.22445163,0.72699976,0.2760964,-0.11149993,0.7575327,0.5082412,-0.15528277,0.75111806,0.5199622,-0.15321735,0.7370426,0.45464557,-0.1508991,0.81007814,0.28347522,-0.10315029,0.83540773,0.5044912,-0.13991703,0.8148078,0.5036225,-0.11152343,0.7997879,0.43975896,-0.08759727,0.8813915,0.31321448,-0.10513262,0.8889497,0.47086397,-0.14207736,0.8696337,0.4729035,-0.13687725,0.85929507,0.42543188,-0.12413849
fist,0.78948087,0.47303787,-3.2781296e-07,0.7180022,0.5158993,-0.079314314,0.64570105,0.55572546,-0.13615587,0.66203296,0.5952837,-0.17809424,0.7437233,0.5880836,-0.20977965,0.63651264,0.3094007,-0.1258218,0.6581963,0.49635214,-0.18149313,0.677756,0.5318082,-0.207359,0.6832484,0.48507524,-0.22448118,0.72035134,0.27534625,-0.11189254,0.7511306,0.50578624,-0.15630217,0.74712765,0.52084315,-0.15429094,0.7335453,0.45657653,-0.15199435,0.8030578,0.28171557,-0.104214,0.82904214,0.5012435,-0.14092672,0.8099238,0.50410616,-0.112635754,0.7950447,0.44162542,-0.08913875,0.8742267,0.31054437,-0.10676344,0.88222677,0.46838266,-0.14309227,0.86439675,0.4741159,-0.13771816,0.85469884,0.4284361,-0.12527993
fist,0.7871436,0.4737026,-3.4262882e-07,0.71480757,0.5164653,-0.07889895,0.6420148,0.55477947,-0.13567646,0.65794104,0.5934218,-0.17768767,0.73972005,0.5855591,-0.20943363,0.6306935,0.30797753,-0.12524624,0.6527517,0.49366266,-0.18192168,0.67455566,0.53294027,-0.20821984,0.68048704,0.48750123,-0.22547114,0.71472794,0.27357104,-0.11175208,0.7449345,0.5023721,-0.15705271,0.7427163,0.5223909,-0.1548344,0.72962016,0.45835018,-0.15213256,0.79748136,0.2799976,-0.104699574,0.82340115,0.49775663,-0.14141858,0.80490935,0.5049824,-0.11259477,0.7901976,0.44346648,-0.08885562,0.8685242,0.3089583,-0.10787617,0.8764874,0.46566755,-0.14380342,0.8591154,0.4749012,-0.13805313,0.8497015,0.43086058,-0.12548754
fist,0.7838415,0.46801957,-3.4201682e-07,0.7120017,0.50929934,-0.078767054,0.63958603,0.54781955,-0.13621439,0.6543949,0.5876273,-0.17889413,0.7359346,0.57999647,-0.21123438,0.6257822,0.30229908,-0.12664855,0.64714086,0.48976317,-0.18456557,0.67243993,0.5313803,-0.21137781,0.68049735,0.4863062,-0.22876915,0.7101375,0.26806694,-0.11341183,0.7396296,0.49779278,-0.15951934,0.7398674,0.52043974,-0.15726578,0.7278017,0.45614657,-0.15444079,0.7931591,0.27462974,-0.10661347,0.8189577,0.49266934,-0.14343393,0.80133325,0.50205904,-0.114205256,0.7870046,0.44124413,-0.09031957,0.8644698,0.3033837,-0.11000754,0.8722409,0.45987386,-0.1457496,0.8552965,0.4711265,-0.13966066,0.846264,0.4284184,-0.12692873
fist,0.7778102,0.4665584,-3.3517642e-07,0.7061229,0.5048946,-0.076416075,0.6337245,0.54291165,-0.13247505,0.6472955,0.5809119,-0.17452407,0.72809666,0.5741513,-0.2065541,0.61897576,0.29464626,-0.11971432,0.6397095,0.48179132,-0.17515694,0.6645117,0.5231334,-0.20204861,0.67172295,0.47741675,-0.22005184,0.7031598,0.26156604,-0.107564785,0.7310069,0.4901916,-0.15072092,0.7329066,0.5126132,-0.14932565,0.722045,0.44822884,-0.14781176,0.78622866,0.26889366,-0.10180955,0.8101641,0.4860219,-0.13639505,0.7946242,0.4959479,-0.10894984,0.7816975,0.43652186,-0.08694801,0.85810006,0.2984329,-0.106049694,0.8643114,0.45393983,-0.13932525,0.8491765,0.4649044,-0.13311592,0.84192103,0.4233368,-0.1210044
fist,0.7687985,0.46062127,-3.254494e-07,0.6972951,0.49872518,-0.07582601,0.6249031,0.5375384,-0.13153866,0.63785326,0.5754961,-0.17346682,0.7184196,0.5695468,-0.2054911,0.61104685,0.28902966,-0.11770737,0.6300218,0.47559872,-0.17245361,0.65416074,0.51466817,-0.19978912,0.6618033,0.46800828,-0.2182393,0.6951638,0.25635996,-0.105771855,0.72230685,0.48637432,-0.14817372,0.72431743,0.50565475,-0.14744392,0.7141078,0.4410696,-0.14657089,0.7782647,0.26378164,-0.10020435,0.80142134,0.48223296,-0.13446233,0.78647697,0.48940024,-0.10770384,0.7743257,0.42926854,-0.086160585,0.85036916,0.293232,-0.104589246,0.8557762,0.44973546,-0.13745484,0.84111726,0.45830044,-0.13125584,0.8346901,0.41535997,-0.119193554
fist,0.74913394,0.4560794,-3.1321008e-07,0.67597866,0.49392366,-0.072878286,0.60254884,0.53191984,-0.12683788,0.6140013,0.56692564,-0.16762611,0.6941544,0.56112224,-0.19865195,0.5902982,0.2801971,-0.111327186,0.607415,0.46836442,-0.16318226,0.6316226,0.5043939,-0.18966803,0.6398803,0.4561622,-0.20769648,0.67392135,0.24885127,-0.10052705,0.69919884,0.4807796,-0.14005531,0.70182323,0.49382696,-0.13953575,0.69293296,0.42876306,-0.13919923,0.7567478,0.25685364,-0.0958827,0.7774765,0.47773862,-0.12757665,0.7631709,0.48028836,-0.10141832,0.7514829,0.41922694,-0.080626674,0.828983,0.28716025,-0.10105264,0.83169925,0.44672933,-0.13144085,0.81753457,0.4511694,-0.12459065,0.81135386,0.40539965,-0.1123551
fist,0.72726727,0.45010787,-3.2423281e-07,0.651924,0.48712596,-0.0684353,0.577828,0.52482855,-0.11953503,0.5862535,0.56096995,-0.15840875,0.66579443,0.5565175,-0.18774945,0.56340855,0.27590424,-0.10435776,0.57948637,0.46146065,-0.15360019,0.60514563,0.49669176,-0.17853226,0.61426914,0.45091343,-0.19512717,0.6463862,0.24400707,-0.09539941,0.6726836,0.48053855,-0.13273789,0.67576873,0.48921603,-0.13189808,0.66724813,0.4264915,-0.13087505,0.72980446,0.25182334,-0.09231095,0.75038725,0.47823757,-0.121869944,0.7360406,0.47604614,-0.09559934,0.7233272,0.41334534,-0.0743403,0.8025438,0.28212878,-0.09875205,0.8044602,0.44938502,-0.12690729,0.790635,0.44945255,-0.1187437,0.7832597,0.39888623,-0.105237976
fist,0.7140933,0.4496932,-3.4063083e-07,0.63611555,0.48726225,-0.06629503,0.560667,0.52567595,-0.11638789,0.5664426,0.56229967,-0.1548053,0.64546204,0.5568937,-0.18371399,0.5436599,0.27700427,-0.101872444,0.5581439,0.4600033,-0.14980435,0.58524364,0.49687314,-0.17299728,0.594374,0.4531538,-0.18825021,0.62599504,0.24432492,-0.094157375,0.65185535,0.48261315,-0.13112003,0.65701807,0.4924139,-0.1297231,0.6494454,0.43154907,-0.1279349,0.709738,0.25168926,-0.09215148,0.7301911,0.48044738,-0.120945975,0.7170001,0.47809204,-0.09441002,0.7041097,0.4147831,-0.0728697,0.78280866,0.2817042,-0.09950276,0.78461516,0.4516294,-0.12617059,0.77195096,0.4509717,-0.117082015,0.7644513,0.39890617,-0.102934524
fist,0.701794,0.45219415,-4.07362e-07,0.6186323,0.49072227,-0.06374687,0.5413455,0.53004473,-0.1123548,0.54429513,0.56782913,-0.15000084,0.6244925,0.56180036,-0.17813699,0.522209,0.28067297,-0.09858881,0.53654385,0.4613288,-0.1447179,0.5655902,0.50510615,-0.16483326,0.5738734,0.46589237,-0.17787531,0.60467273,0.24691987,-0.09266985,0.6298794,0.48892832,-0.129817,0.63779414,0.5065022,-0.1274544,0.6306681,0.4486885,-0.12441854,0.68908566,0.25379333,-0.09237436,0.7097193,0.48638076,-0.12118051,0.6980308,0.48921737,-0.09520561,0.6845426,0.42607754,-0.073899,0.7626974,0.28333792,-0.101118565,0.7648374,0.4561805,-0.12578508,0.75301147,0.4613772,-0.11564209,0.744911,0.41207337,-0.10111181
fist,0.6957101,0.45573044,-4.3663232e-07,0.6093965,0.49489227,-0.06265415,0.5309104,0.5355794,-0.11080929,0.53194046,0.57337457,-0.14829314,0.61227524,0.5645825,-0.17627606,0.5113255,0.28264362,-0.09697245,0.52462035,0.4643237,-0.14170437,0.55398107,0.51111585,-0.16027656,0.5613585,0.47330266,-0.17245872,0.59381455,0.24918492,-0.091816515,0.6167561,0.4941452,-0.12862754,0.6260809,0.5140761,-0.12597346,0.61945313,0.4567004,-0.1227331,0.6783504,0.256224,-0.0921867,0.69757235,0.4916552,-0.12062174,0.6869527,0.4950676,-0.0950972,0.67339957,0.4306857,-0.07420858,0.752083,0.28629997,-0.10143821,0.7531539,0.46072182,-0.124698415,0.7419456,0.4665309,-0.11395055,0.7337996,0.41694412,-0.099326804
fist,0.6820935,0.45159262,-4.3518057e-07,0.594041,0.4915943,-0.06217692,0.5153822,0.5340961,-0.11074132,0.517583,0.5747574,-0.14853962,0.5993892,0.5672289,-0.17699984,0.49849924,0.2794336,-0.09980583,0.511161,0.4648575,-0.14503732,0.53976303,0.5125065,-0.16350347,0.54695404,0.47551674,-0.1754872,0.5821021,0.24743374,-0.09512858,0.60335964,0.49876276,-0.1323576,0.6115281,0.51773155,-0.12888138,0.6054061,0.45942765,-0.124890186,0.6670896,0.25638697,-0.09575798,0.6843251,0.49750915,-0.123896025,0.67183733,0.49711514,-0.09676726,0.65777886,0.42915505,-0.07460125,0.7404643,0.28887,-0.10531807,0.7394856,0.46795377,-0.12872535,0.72790015,0.4684514,-0.11710255,0.7200192,0.41329622,-0.10148056
fist,0.6679216,0.44415936,-4.1642846e-07,0.58134806,0.4840989,-0.06291443,0.50396025,0.5285896,-0.112346515,0.5084254,0.57360876,-0.15069589,0.59021413,0.5683291,-0.17977962,0.48979917,0.2747481,-0.104598306,0.5027715,0.46370953,-0.15044527,0.5301841,0.50971216,-0.1689591,0.5375333,0.47265363,-0.18091983,0.57420886,0.24387309,-0.09968581,0.5960511,0.49973184,-0.13753039,0.60217935,0.51503974,-0.13382843,0.59601295,0.4556589,-0.1297285,0.65951884,0.2538619,-0.099779144,0.67625916,0.49884558,-0.12830447,0.6623354,0.49470773,-0.0999067,0.6484395,0.42496887,-0.07674148,0.732612,0.28721347,-0.1089221,0.7312389,0.46870565,-0.13379721,0.7190633,0.4647955,-0.12203439,0.71132433,0.40587178,-0.10584541
fist,0.66524595,0.43474197,-4.089436e-07,0.5805608,0.47443312,-0.064040914,0.503724,0.51908,-0.114618815,0.5096375,0.56521493,-0.15399797,0.59052134,0.5598269,-0.18422115,0.48903728,0.26447347,-0.10669328,0.5043114,0.45499578,-0.15411733,0.53057134,0.50056565,-0.1745276,0.53778195,0.46297055,-0.18786341,0.5745946,0.23407742,-0.10166041,0.59906256,0.49004826,-0.14067017,0.60310495,0.5055807,-0.1383652,0.59586143,0.4454019,-0.13549726,0.66059476,0.24422185,-0.10165258,0.678861,0.48840222,-0.1313964,0.66358227,0.48594826,-0.10353468,0.6491608,0.41666794,-0.080894746,0.73404306,0.2776855,-0.110748805,0.73379457,0.45803294,-0.13711146,0.720103,0.4560615,-0.125815,0.71147364,0.39787626,-0.109931685
fist,0.6710614,0.43007994,-4.4308166e-07,0.58709556,0.46655494,-0.065641366,0.50878894,0.50632393,-0.1164276,0.5145668,0.5491949,-0.1559226,0.5958121,0.5433252,-0.18597895,0.49397975,0.24786147,-0.10512861,0.5097404,0.4373313,-0.1530524,0.53586257,0.4861876,-0.17425266,0.54319954,0.4488662,-0.18832,0.580538,0.2176961,-0.09958199,0.60553277,0.47149125,-0.13900165,0.60871947,0.49271926,-0.13792935,0.6000177,0.43250504,-0.13618132,0.6672095,0.2285351,-0.099432215,0.68607605,0.47067755,-0.12993799,0.670168,0.47563916,-0.10375494,0.6552884,0.40923423,-0.08263298,0.7412134,0.26291972,-0.108497635,0.74183947,0.4408849,-0.13521828,0.7265599,0.44764295,-0.12488767,0.717175,0.39629608,-0.11009462
fist,0.68646574,0.43089956,-4.811759e-07,0.6014503,0.45731655,-0.0696076,0.52029765,0.48087072,-0.12261758,0.520898,0.509205,-0.16418217,0.6007846,0.49806795,-0.19563486,0.50666815,0.20872588,-0.10214416,0.51752913,0.39227194,-0.1551499,0.5427423,0.44846982,-0.18043423,0.55124366,0.41054195,-0.19710115,0.5943328,0.1810669,-0.095687464,0.6126796,0.42463964,-0.13961348,0.6154906,0.46134296,-0.14052461,0.60643756,0.39931092,-0.13934477,0.68114156,0.19589578,-0.0959876,0.6957654,0.43075937,-0.13010745,0.6799768,0.4516178,-0.10498478,0.66684866,0.3889827,-0.0846134,0.7546365,0.2347889,-0.105960704,0.7537356,0.41040912,-0.1340467,0.73808396,0.43146294,-0.12488183,0.73028004,0.38742518,-0.111246325
fist,0.69659257,0.44346786,-5.1079115e-07,0.60911685,0.45937544,-0.074576475,0.5256435,0.46660033,-0.13086756,0.5185919,0.48189816,-0.17533828,0.5971156,0.4681119,-0.20884064,0.51692545,0.18203664,-0.10341537,0.51953685,0.3586601,-0.16111514,0.5429238,0.42292815,-0.18736453,0.5524784,0.38762003,-0.20403023,0.60479105,0.1577524,-0.09563722,0.6114826,0.38993904,-0.14491707,0.6135689,0.44258994,-0.14493412,0.60574925,0.3810187,-0.14131209,0.69068605,0.17782474,-0.095890306,0.69676465,0.4048571,-0.134058,0.68077004,0.44005865,-0.10732578,0.6709138,0.38135976,-0.085121855,0.76238763,0.22234933,-0.106416926,0.7575179,0.3955501,-0.13599223,0.7415347,0.42832428,-0.12700944,0.73623025,0.3902459,-0.113300405
fist,0.70841753,0.4692444,-5.3778973e-07,0.6166442,0.4729151,-0.07842904,0.52950233,0.46044144,-0.13743299,0.5118275,0.4563799,-0.18457489,0.58826864,0.43726254,-0.21983905,0.53062886,0.16162547,-0.10089401,0.5191225,0.32750568,-0.16376206,0.5402583,0.39950907,-0.19221805,0.55256665,0.3668729,-0.20967019,0.6174036,0.14156874,-0.09225394,0.60584164,0.35611203,-0.14684865,0.607077,0.42480898,-0.14686236,0.6023307,0.36482722,-0.1411585,0.70128655,0.16786894,-0.09305477,0.6916562,0.382381,-0.13607074,0.6766664,0.43253428,-0.108872905,0.67186487,0.3792594,-0.0852222,0.77082884,0.21863067,-0.10450081,0.75657547,0.38760948,-0.13594404,0.7408044,0.42965525,-0.12739854,0.73828274,0.39603373,-0.113550186
fist,0.71453387,0.49576464,-6.1705515e-07,0.62052834,0.49239737,-0.07684145,0.5301559,0.46786943,-0.13334802,0.50659525,0.44995746,-0.17870292,0.5842539,0.4277029,-0.21177825,0.53913105,0.16341104,-0.09038121,0.5185697,0.3125019,-0.15189426,0.53900826,0.39281434,-0.18002091,0.5527447,0.3655524,-0.1973888,0.6241199,0.14296493,-0.08225502,0.60288346,0.33876857,-0.13679384,0.60432065,0.41965574,-0.13806129,0.60190034,0.36850142,-0.13246372,0.7062724,0.17097655,-0.084058866,0.6881354,0.37182707,-0.12814488,0.67396384,0.43435392,-0.10438679,0.6708611,0.38822067,-0.082661375,0.77577955,0.22330797,-0.096106976,0.75615746,0.3844785,-0.12611708,0.74010724,0.43474406,-0.11843021,0.7371767,0.4072439,-0.10563062
fist,0.7194487,0.5212804,-6.9229407e-07,0.6238724,0.51534295,-0.071867004,0.53003204,0.48142695,-0.1232696,0.5050632,0.44786796,-0.16483137,0.58400595,0.41829783,-0.19388703,0.54234356,0.17812541,-0.07364301,0.5157193,0.30722663,-0.13323897,0.53794557,0.3930207,-0.16237375,0.5534692,0.3680206,-0.18073736,0.624204,0.15365815,-0.06707762,0.59948856,0.3279912,-0.11969347,0.60486823,0.41845185,-0.12234402,0.6047318,0.37468806,-0.11732409,0.7044597,0.17882806,-0.070961155,0.6839269,0.36284965,-0.11448239,0.6738086,0.4353922,-0.09395474,0.67176837,0.3945758,-0.07422089,0.7753509,0.22842303,-0.08448128,0.75322807,0.37983295,-0.112127244,0.7395054,0.43571037,-0.10500567,0.73624456,0.4117249,-0.09313395
fist,0.7235043,0.5458794,-7.799984e-07,0.6268738,0.5388245,-0.06579038,0.5298586,0.4969305,-0.11047993,0.5068898,0.44973412,-0.14675847,0.58777326,0.41372585,-0.17052981,0.5418543,0.2004977,-0.056893207,0.51321286,0.30881724,-0.11328111,0.5381195,0.4003091,-0.14231133,0.5544423,0.3786435,-0.16107212,0.6203381,0.1697729,-0.052220505,0.5961791,0.32059518,-0.10250622,0.6065825,0.41986185,-0.106159106,0.60844284,0.38532105,-0.101608835,0.6988316,0.18924439,-0.058302283,0.6803827,0.35525304,-0.10073824,0.6751924,0.43770283,-0.0829566,0.6736266,0.4026219,-0.06494849,0.7716656,0.23334296,-0.073380746,0.75019443,0.37336794,-0.09824513,0.7386627,0.43632317,-0.091304265,0.73411024,0.41732186,-0.0802602
fist,0.728811,0.5735306,-8.279053e-07,0.6312108,0.56696886,-0.06274654,0.53094953,0.5184984,-0.1028834,0.5115379,0.45790392,-0.13549498,0.5927801,0.41478977,-0.15536484,0.54010534,0.23165634,-0.04606345,0.5105978,0.3211004,-0.10133673,0.53846884,0.41714874,-0.12967956,0.5560967,0.39887044,-0.14778541,0.6156862,0.19345146,-0.042425197,0.5929109,0.3222075,-0.09257684,0.6082617,0.43047357,-0.09535067,0.6124454,0.40230647,-0.088999964,0.6924584,0.20596209,-0.05015402,0.6766917,0.3548944,-0.09344546,0.67633235,0.44629827,-0.07547952,0.67625177,0.41595802,-0.05622984,0.7665795,0.24367878,-0.06666072,0.74676836,0.37276536,-0.09109459,0.7362811,0.4424444,-0.08367949,0.73078126,0.42922983,-0.0719392
fist,0.7332874,0.58554095,-8.2299687e-07,0.6371541,0.58120394,-0.06488372,0.53665316,0.53610694,-0.105742946,0.5140477,0.47895846,-0.1385648,0.59259564,0.43526703,-0.15821804,0.5428894,0.24705279,-0.049553867,0.5150682,0.33423984,-0.10563509,0.54247296,0.43105477,-0.13296273,0.5594028,0.41410622,-0.15001222,0.61888564,0.20737167,-0.045267317,0.5984752,0.33626205,-0.09822747,0.61200637,0.44441405,-0.10147212,0.61504555,0.41728157,-0.094580375,0.6960614,0.21834318,-0.052410502,0.682245,0.36945632,-0.098379396,0.6817928,0.46051866,-0.080639705,0.6812939,0.42987126,-0.060644846,0.7703418,0.2541612,-0.068443686,0.75315726,0.38520133,-0.09476388,0.74311054,0.45529938,-0.087817304,0.7372212,0.441283,-0.07577414
fist,0.7332213,0.5730552,-7.3493476e-07,0.6413916,0.5737732,-0.06951504,0.5452263,0.5437842,-0.11584393,0.5216583,0.5072405,-0.15274087,0.59641564,0.47067618,-0.17659312,0.5461724,0.24891964,-0.0656001,0.5253335,0.35971546,-0.12379501,0.5513295,0.44960457,-0.15164219,0.56659424,0.42783886,-0.16894346,0.62659895,0.21419473,-0.05985161,0.61297184,0.37314355,-0.1146848,0.622441,0.46686307,-0.118777014,0.62227595,0.4308117,-0.11335132,0.70693994,0.22853892,-0.06474613,0.6976489,0.4029429,-0.11132319,0.6937861,0.47919703,-0.09212755,0.6908998,0.43988308,-0.071610466,0.78101236,0.26741675,-0.07891142,0.7669971,0.41290846,-0.10762856,0.7574789,0.47208986,-0.10057898,0.75283134,0.44793525,-0.08799405
fist,0.73040247,0.5237285,-5.540104e-07,0.63964295,0.53563356,-0.072666466,0.54918176,0.53569376,-0.12545642,0.5322579,0.54635525,-0.16678208,0.610184,0.5341645,-0.19596317,0.5513351,0.24701941,-0.09421531,0.5399836,0.4083591,-0.1514271,0.56495845,0.4796773,-0.17694013,0.57858056,0.44725603,-0.1928904,0.6394011,0.2230401,-0.08727005,0.6333661,0.4450509,-0.13874575,0.6384656,0.50046885,-0.14033142,0.63586104,0.44523758,-0.13610351,0.7253451,0.24536486,-0.088667,0.71914095,0.4673873,-0.1296481,0.70856595,0.50307935,-0.10476532,0.70231616,0.4430546,-0.08203946,0.7994374,0.29111472,-0.099933684,0.78516847,0.4629728,-0.12967566,0.7743497,0.49143085,-0.12086183,0.7711729,0.44605383,-0.10644023
fist,0.72643995,0.46771914,-4.0205623e-07,0.6300888,0.48662907,-0.07007754,0.54197645,0.5107941,-0.12473875,0.53635824,0.55941546,-0.1672333,0.6211846,0.5760641,-0.19912224,0.5548657,0.23813336,-0.11292113,0.54358244,0.4454693,-0.16510051,0.5706485,0.5004021,-0.18615544,0.58569413,0.45866162,-0.19938365,0.64800584,0.22532558,-0.10711732,0.63773906,0.50007474,-0.15051779,0.6452617,0.5199089,-0.14758092,0.64648604,0.44906068,-0.14329241,0.7373672,0.25648135,-0.10717273,0.7241602,0.5170388,-0.14015159,0.71178424,0.51454043,-0.10946945,0.7065681,0.43725505,-0.08394848,0.8112682,0.30987525,-0.11712615,0.78770506,0.49886805,-0.14484738,0.77577394,0.4966177,-0.13226886,0.7755949,0.43546587,-0.11463165
fist,0.7222467,0.43625647,-3.2592817e-07,0.6203865,0.45676476,-0.06848137,0.53160393,0.4887287,-0.12357074,0.52515984,0.5511081,-0.16660464,0.6124412,0.5804298,-0.19953637,0.55333847,0.2241228,-0.117982075,0.5359917,0.44396037,-0.16816553,0.56474066,0.4934388,-0.18647248,0.5804146,0.44698343,-0.19785589,0.6465252,0.2164578,-0.11346018,0.62632847,0.501928,-0.15444644,0.6377178,0.5093178,-0.14912364,0.6418516,0.43231696,-0.14378533,0.7357983,0.25228783,-0.11407988,0.71239704,0.52098745,-0.1449145,0.70260143,0.50573957,-0.112158105,0.7003162,0.42213416,-0.08518458,0.8089886,0.3092304,-0.12446455,0.7769638,0.50206417,-0.15028621,0.76644725,0.4871872,-0.135958,0.7685512,0.41957682,-0.11722146
fist,0.7127664,0.4146642,-2.6157792e-07,0.6071317,0.43480593,-0.07021046,0.5184539,0.46889764,-0.12785926,0.5086817,0.5375089,-0.17323385,0.5947677,0.57610285,-0.20874724,0.5441872,0.20581989,-0.12359595,0.51984596,0.4338972,-0.17512806,0.5510291,0.48135123,-0.19382176,0.5678091,0.43068713,-0.20552516,0.63730395,0.20240836,-0.11943356,0.60676795,0.48921424,-0.16127901,0.6219264,0.49320108,-0.1558445,0.62765205,0.41233426,-0.15074962,0.7263075,0.24255034,-0.120317444,0.6930367,0.51212436,-0.15121283,0.6868119,0.4936326,-0.117255375,0.68750834,0.40760452,-0.089725934,0.79841125,0.303158,-0.13106246,0.7581192,0.4971672,-0.15543483,0.7498068,0.47806245,-0.13963425,0.7544667,0.40877447,-0.12047458
fist,0.7029552,0.4054737,-2.1159863e-07,0.5949298,0.42686582,-0.071965426,0.50649387,0.46307272,-0.13201483,0.49678427,0.5367859,-0.17945714,0.583203,0.58019125,-0.21713798,0.53327644,0.20228454,-0.13066018,0.5063056,0.4338831,-0.18341213,0.53929955,0.4793536,-0.2014266,0.5562161,0.42696077,-0.21257477,0.62709093,0.19996521,-0.12679766,0.5933917,0.48865175,-0.16986921,0.6097745,0.4898005,-0.16351917,0.61451757,0.4063508,-0.1577897,0.71653795,0.24199033,-0.12782063,0.67996603,0.51337516,-0.15913048,0.67417103,0.49273902,-0.12286644,0.6750224,0.4052124,-0.09379439,0.78799313,0.30460808,-0.13888444,0.7445048,0.50039077,-0.16331583,0.73583806,0.4795975,-0.14616577,0.74040973,0.41032982,-0.12612705
fist,0.69849503,0.41179395,-2.0321832e-07,0.5910262,0.433501,-0.07225331,0.5031041,0.47161022,-0.13260944,0.49289554,0.5463782,-0.18036321,0.57992077,0.5922451,-0.21837036,0.5285616,0.21155342,-0.13100351,0.50119543,0.44436002,-0.18336466,0.53456986,0.48859063,-0.20125496,0.55170274,0.43620712,-0.21235535,0.62232935,0.20920667,-0.1272378,0.5889592,0.4984954,-0.17024809,0.6057871,0.49786526,-0.16435705,0.6111407,0.41546932,-0.15907116,0.7119492,0.25128,-0.12826772,0.67569697,0.52247584,-0.15989038,0.67038286,0.50082386,-0.12425538,0.6716493,0.4139975,-0.09549126,0.78376657,0.31405246,-0.1393171,0.74071586,0.5088752,-0.16385664,0.7325117,0.48737413,-0.14684263,0.7374543,0.4188648,-0.12689328
fist,0.6955234,0.41852418,-1.853664e-07,0.58887357,0.4399342,-0.07138194,0.5017775,0.48026443,-0.13158286,0.49033642,0.5573677,-0.17948033,0.5747046,0.60500795,-0.21779206,0.52761346,0.22398996,-0.13040544,0.49890733,0.4579216,-0.18253306,0.53150654,0.5010564,-0.20024744,0.5486433,0.4487506,-0.21123216,0.62119514,0.22376409,-0.12750958,0.58602643,0.513296,-0.17077452,0.6026945,0.51131094,-0.16542582,0.6086891,0.42840415,-0.1607076,0.7101836,0.2670715,-0.12932274,0.6717855,0.5377526,-0.16181321,0.66690034,0.51559705,-0.12717623,0.66865534,0.42912745,-0.09911792,0.7811089,0.33041084,-0.14099307,0.73757946,0.52505267,-0.16615814,0.72952074,0.5029998,-0.14958473,0.7342731,0.43454605,-0.13010213
fist,0.69479036,0.4305055,-1.661958e-07,0.58760726,0.44991213,-0.06969199,0.5012961,0.48964244,-0.12930147,0.48781306,0.5667408,-0.17698798,0.5694446,0.61610204,-0.21545777,0.5292808,0.2382224,-0.1295152,0.49621361,0.47225848,-0.18118797,0.52910507,0.5136949,-0.19875224,0.5467044,0.46164876,-0.20974651,0.62234944,0.24121514,-0.12784281,0.58155423,0.5276105,-0.17109093,0.5996904,0.52525675,-0.16646887,0.6063269,0.44280878,-0.16281296,0.71003836,0.28734785,-0.13072494,0.6659426,0.55429685,-0.16359936,0.66295165,0.5336998,-0.13063227,0.6659418,0.4495248,-0.104258254,0.7791394,0.35286856,-0.14311107,0.73286057,0.5446823,-0.1680351,0.72623974,0.52287465,-0.15206093,0.73182124,0.45558396,-0.1337609
fist,0.6979217,0.43847972,-1.5816435e-07,0.58885676,0.4565157,-0.06874351,0.5020313,0.49342313,-0.128312,0.48712903,0.56888586,-0.17608042,0.56701386,0.6163111,-0.21479408,0.5342275,0.24369606,-0.13072474,0.4968012,0.47403866,-0.18254343,0.52950823,0.5155035,-0.20002218,0.5468973,0.46397668,-0.21114726,0.62726504,0.2495629,-0.12984942,0.58029807,0.5327716,-0.17312977,0.59876186,0.5313461,-0.16819337,0.6055511,0.44822773,-0.16458388,0.71406573,0.29904407,-0.13339116,0.6642651,0.5629555,-0.16608372,0.66164786,0.5434433,-0.13238147,0.6656887,0.45979014,-0.10589786,0.7815862,0.36727244,-0.1463031,0.73194253,0.5564793,-0.17144814,0.72569233,0.5344423,-0.15524079,0.7318727,0.4670928,-0.13699982
fist,0.7015638,0.44098234,-1.6417388e-07,0.59261525,0.45883948,-0.069504276,0.5052242,0.4940234,-0.12904522,0.4892053,0.56790614,-0.17660126,0.56910753,0.614202,-0.21490219,0.540086,0.24201217,-0.13054049,0.49960375,0.4700505,-0.18229109,0.5319625,0.51207304,-0.1998048,0.54972816,0.46036783,-0.210991,0.6329089,0.24862568,-0.12907295,0.5827487,0.53166425,-0.17231546,0.60152197,0.52991384,-0.16741198,0.60906583,0.4460458,-0.16365966,0.71908444,0.29918,-0.13210633,0.6668972,0.56339383,-0.16439956,0.664546,0.5434879,-0.13011509,0.66927063,0.4588236,-0.103157915,0.78587836,0.36819115,-0.14466533,0.7342652,0.5580387,-0.16956285,0.7283155,0.5360273,-0.15314944,0.73506546,0.4682127,-0.13459548
fist,0.7069359,0.44471064,-1.7824405e-07,0.5976519,0.4613068,-0.07003109,0.5096283,0.49456564,-0.1295252,0.4936513,0.56720316,-0.17687006,0.5735368,0.61373174,-0.21487384,0.5467961,0.2406594,-0.13039912,0.50363487,0.4677753,-0.1826326,0.536209,0.51163185,-0.2008963,0.55517685,0.46036643,-0.21260116,0.63920516,0.24826618,-0.12847927,0.5863449,0.52960455,-0.17185572,0.60507786,0.53005207,-0.16729599,0.6137353,0.44712895,-0.16379723,0.7246417,0.3000309,-0.13115752,0.6704868,0.5628744,-0.16346245,0.6681243,0.54463875,-0.12946843,0.6740128,0.46076173,-0.102753624,0.79069024,0.36986783,-0.14342155,0.7374792,0.5586328,-0.16843048,0.7315248,0.5380046,-0.15232846,0.7392299,0.4706758,-0.13397788
fist,0.71262467,0.4526314,-1.921959e-07,0.60187155,0.4662629,-0.06873079,0.5130969,0.4952093,-0.12696916,0.4956066,0.563745,-0.17328452,0.5729445,0.60863143,-0.21035722,0.5500019,0.23920152,-0.12622233,0.5053755,0.46386558,-0.17722926,0.5378194,0.509029,-0.19530965,0.55718666,0.45943075,-0.20701241,0.6416844,0.24740994,-0.124231145,0.5870472,0.5246139,-0.16663088,0.60626376,0.52737033,-0.16237913,0.6152667,0.44648194,-0.15917018,0.7262775,0.29949203,-0.12685254,0.6703788,0.5586921,-0.15826902,0.66907847,0.5427268,-0.12541308,0.6754581,0.4612103,-0.0998129,0.79140294,0.37022716,-0.13885432,0.7369893,0.5573542,-0.16302407,0.73225105,0.5379116,-0.14750685,0.740696,0.47102746,-0.12988064
fist,0.7274774,0.47491115,-2.6915563e-07,0.6116931,0.48188296,-0.062434036,0.5189931,0.4961175,-0.11589168,0.49392056,0.54679644,-0.15884408,0.5653417,0.581744,-0.19250457,0.55322975,0.22880252,-0.10849496,0.50300896,0.4422347,-0.15818498,0.53773683,0.49035725,-0.17922151,0.55918807,0.44405103,-0.19317119,0.6418406,0.23715813,-0.10806779,0.5819346,0.5020523,-0.14861713,0.60500145,0.5106332,-0.14668742,0.6162822,0.4353752,-0.1450862,0.72440845,0.29021317,-0.11261076,0.6643201,0.53793734,-0.14193311,0.6684028,0.5297519,-0.11242559,0.6776321,0.45569763,-0.08973993,0.78940046,0.36383265,-0.1259202,0.7328765,0.5442373,-0.1476373,0.73289806,0.52875817,-0.13347502,0.7439874,0.46461743,-0.117355965
fist,0.7521445,0.52395004,-4.823525e-07,0.6281503,0.5161125,-0.049988855,0.5317761,0.4992188,-0.094416834,0.49079877,0.5086108,-0.13180958,0.54352343,0.51964974,-0.15928885,0.56820446,0.20904069,-0.07320226,0.49580503,0.38889116,-0.123311974,0.5343026,0.44653183,-0.1495367,0.5629455,0.40944633,-0.16625868,0.6458117,0.21662879,-0.07671638,0.56420183,0.44641352,-0.118967,0.5967262,0.47472697,-0.12123148,0.617298,0.41639906,-0.120608315,0.7191704,0.26850575,-0.08630718,0.64066905,0.48521012,-0.11684793,0.6582897,0.5003167,-0.09311123,0.6761576,0.44383067,-0.07396643,0.77955353,0.34492087,-0.10348842,0.7119469,0.50750554,-0.12312609,0.7225474,0.50849426,-0.1114399,0.7414606,0.45510477,-0.09717277
fist,0.76300496,0.5689254,-7.099027e-07,0.63583624,0.5475068,-0.040242508,0.53709364,0.50469685,-0.07651114,0.48697582,0.47783232,-0.109293744,0.5307108,0.4682499,-0.13185126,0.58214873,0.206972,-0.041375738,0.49316096,0.3447016,-0.093094625,0.5311388,0.41611642,-0.123541735,0.5643221,0.39132088,-0.14196278,0.6494042,0.20926389,-0.048137728,0.55289423,0.39300004,-0.09386255,0.5885629,0.44829518,-0.09917899,0.6156335,0.4101611,-0.0977543,0.7135118,0.2532256,-0.06250396,0.62230635,0.4317886,-0.09766637,0.64657366,0.47720313,-0.077792,0.6709383,0.44086027,-0.0591275,0.76907957,0.3230792,-0.08357556,0.692891,0.46115938,-0.10251665,0.70749176,0.48688555,-0.09141081,0.73129654,0.452151,-0.07703386
fist,0.7524301,0.61446273,-8.986691e-07,0.629389,0.5783982,-0.03120022,0.5340196,0.5144856,-0.058732115,0.4855342,0.45868316,-0.086321875,0.5244138,0.43309093,-0.103858806,0.5955409,0.23396194,-0.013619943,0.49962178,0.32424894,-0.06471813,0.5306332,0.4097677,-0.09523565,0.5644749,0.4007476,-0.11229106,0.6534296,0.23010989,-0.023242116,0.5516124,0.36227342,-0.07102209,0.58255756,0.44473046,-0.076885775,0.6130174,0.426642,-0.072546914,0.7089454,0.26241106,-0.04173694,0.6129836,0.39609772,-0.08222135,0.63463634,0.47066015,-0.0635159,0.6617148,0.45404562,-0.04236946,0.759333,0.32007712,-0.06603956,0.6789485,0.42402172,-0.08582406,0.6888818,0.47540158,-0.07321183,0.71280384,0.46331105,-0.056403093
fist,0.72165596,0.67945015,-1.0063695e-06,0.61327446,0.6195265,-0.020569442,0.5344561,0.5343883,-0.039310776,0.49703184,0.46111584,-0.06174194,0.5351714,0.42539245,-0.07489142,0.629049,0.30168077,0.01157037,0.5314983,0.33454245,-0.03619591,0.5463622,0.43075055,-0.065147124,0.5773955,0.44218025,-0.08058378,0.6762037,0.29495543,-0.0013864643,0.56903416,0.35903686,-0.048726834,0.5843204,0.4644063,-0.05456785,0.6165503,0.46789867,-0.04778671,0.7190174,0.31652635,-0.023722943,0.6146767,0.39127994,-0.067410365,0.6238381,0.48957878,-0.04916251,0.6534163,0.49375463,-0.025563652,0.7558979,0.36113876,-0.050810773,0.6671893,0.42066878,-0.072426975,0.6671486,0.49175167,-0.058849197,0.69126755,0.50337917,-0.04017669
fist,0.70379037,0.73559654,-9.657633e-07,0.6072004,0.6514112,-0.011444537,0.55389184,0.5529366,-0.02592884,0.52773017,0.47974643,-0.046133853,0.55346966,0.4369077,-0.057478417,0.6825708,0.36597195,0.023047086,0.5782201,0.36288553,-0.021679293,0.5789153,0.4577387,-0.05065749,0.60884464,0.48316646,-0.06671137,0.7180014,0.36444405,0.006899609,0.59453154,0.37786478,-0.039848648,0.59715044,0.48884588,-0.04759555,0.6349229,0.5040854,-0.04223192,0.74526656,0.38349202,-0.017762186,0.62137187,0.40912086,-0.060635716,0.6208134,0.5138791,-0.04369692,0.6560894,0.5299934,-0.0216831,0.7616867,0.42270747,-0.04629169,0.65720063,0.44933206,-0.071034096,0.6533839,0.52396214,-0.059870206,0.6833438,0.54457724,-0.042913307
fist,0.7062969,0.76164955,-9.0519626e-07,0.6143149,0.6670925,-0.0043796874,0.5781066,0.56691945,-0.01670374,0.55678016,0.4994382,-0.03611217,0.57388675,0.4501504,-0.046634696,0.7231081,0.40976182,0.030226942,0.61426103,0.38756278,-0.0138520505,0.60871327,0.47836047,-0.044356998,0.63976854,0.5105567,-0.061995395,0.749467,0.4099194,0.011579454,0.6155597,0.3923065,-0.0369916,0.6133901,0.50370103,-0.04772363,0.6580008,0.5246059,-0.04435382,0.76656324,0.42267925,-0.014807746,0.62969327,0.4171164,-0.057421945,0.6259285,0.5241185,-0.04214359,0.66841424,0.5459982,-0.022067862,0.76993215,0.4520865,-0.04449018,0.6536708,0.46236825,-0.0721707,0.65188724,0.53781617,-0.06405593,0.6901194,0.5608016,-0.04935332
fist,0.7107757,0.7679048,-9.066742e-07,0.61972016,0.67314816,0.0011169693,0.58653283,0.57571685,-0.007449423,0.5667269,0.51048315,-0.024175804,0.58172417,0.45545825,-0.032079022,0.7282601,0.43160516,0.03881124,0.6239803,0.40328798,-0.0043084603,0.6181948,0.4920453,-0.035179198,0.64869505,0.52693737,-0.052759875,0.7521901,0.42928714,0.018863807,0.62341833,0.40225095,-0.03003478,0.62102973,0.5134164,-0.043020327,0.6665207,0.5375767,-0.040572833,0.76846874,0.43400946,-0.008556227,0.6356005,0.41862196,-0.05061642,0.63130057,0.5272225,-0.037238557,0.6754144,0.5517703,-0.018155802,0.77192414,0.4530076,-0.03874035,0.656444,0.45706362,-0.06628575,0.65449965,0.53511655,-0.059066247,0.6943337,0.56010306,-0.04479585
fist,0.7124301,0.7662836,-8.9166576e-07,0.6220634,0.6746444,0.002145385,0.58746576,0.5775573,-0.0050916863,0.5670478,0.51298505,-0.02050097,0.58194476,0.45780402,-0.027125001,0.72668964,0.43485427,0.03992755,0.6228899,0.4085084,-0.0026953123,0.6187414,0.4969659,-0.03335724,0.6503507,0.5291163,-0.050978415,0.75085986,0.43085274,0.019914342,0.62391055,0.40627724,-0.027728688,0.62304515,0.5176226,-0.040116303,0.6691001,0.5394893,-0.037539523,0.768153,0.43400127,-0.0075399033,0.6373598,0.42145982,-0.048130017,0.6341661,0.53008157,-0.034249373,0.67871803,0.55270064,-0.01528631,0.77308774,0.45150623,-0.037798237,0.65974,0.45720643,-0.06493748,0.65838253,0.5350041,-0.05779667,0.69848,0.5588428,-0.043683343
fist,0.7219318,0.7624038,-8.7943425e-07,0.6248787,0.6698059,-0.0020714044,0.5867132,0.56985176,-0.012826769,0.56214905,0.5050665,-0.03057972,0.5740169,0.45397663,-0.039437577,0.73357886,0.41035706,0.032177195,0.616875,0.39366236,-0.010945456,0.61364007,0.48565286,-0.04271909,0.6468915,0.515662,-0.061666835,0.7571706,0.40815216,0.013224642,0.61614865,0.39576754,-0.033192895,0.61737883,0.5071966,-0.044995535,0.6641122,0.5261238,-0.04353919,0.7701922,0.41933918,-0.013023952,0.6282152,0.41791,-0.05189241,0.62733644,0.52470815,-0.037071202,0.6718591,0.54439366,-0.018983534,0.76876885,0.44659656,-0.04257109,0.6500691,0.45924863,-0.06869576,0.6511661,0.5352761,-0.061203312,0.6919352,0.55675435,-0.047614586
fist,0.7319027,0.7521466,-8.938423e-07,0.6308054,0.65967184,-0.004103582,0.5936499,0.56083834,-0.016850423,0.56751454,0.4960932,-0.035738982,0.57138336,0.44467926,-0.046194367,0.7432468,0.3883904,0.027398715,0.61571395,0.378807,-0.016082115,0.6123718,0.47112232,-0.049561396,0.64634585,0.5040515,-0.0695731,0.7625568,0.38756007,0.00929458,0.6109812,0.3829896,-0.03603326,0.6121987,0.4918313,-0.049441103,0.65779006,0.513133,-0.05021758,0.76876426,0.40311813,-0.015750056,0.61863786,0.40767622,-0.0536552,0.6188196,0.51185423,-0.04053531,0.66270673,0.53258836,-0.024473026,0.7600493,0.43474722,-0.044158425,0.6362666,0.45126787,-0.06990763,0.63921034,0.52662426,-0.0629623,0.68055385,0.54838294,-0.050193172
fist,0.7467891,0.7379919,-9.17524e-07,0.6460931,0.6424042,-0.0009098789,0.6157821,0.5451012,-0.012165747,0.59098876,0.48041916,-0.02966549,0.5809853,0.42416868,-0.0395614,0.76609087,0.37121218,0.029256677,0.62750894,0.36235547,-0.014409875,0.6228648,0.45177132,-0.050503563,0.6567373,0.49175388,-0.07124323,0.77605146,0.37045005,0.01040711,0.6164296,0.36620513,-0.033347882,0.61655724,0.46810317,-0.051062398,0.6594081,0.4966576,-0.055544514,0.77043855,0.3853173,-0.014706925,0.6147759,0.38672397,-0.050948553,0.6154688,0.486008,-0.04262106,0.65891117,0.5098698,-0.030438472,0.750027,0.41356984,-0.04263101,0.62223405,0.42525,-0.067395695,0.62625855,0.5012361,-0.061730225,0.6682627,0.5250603,-0.050137866
fist,0.7556507,0.7283335,-9.312395e-07,0.65735817,0.6307744,0.0013170693,0.6320933,0.53382814,-0.00787061,0.60970575,0.46826807,-0.023471508,0.59167194,0.40720734,-0.031649247,0.7814094,0.36364305,0.032469854,0.63843375,0.3528603,-0.011986507,0.63385576,0.43991995,-0.04961238,0.6683637,0.4826768,-0.07058005,0.7873484,0.36050183,0.013011061,0.62462884,0.35405988,-0.029883226,0.6244042,0.45321107,-0.04928094,0.66636395,0.48479328,-0.054961123,0.7768407,0.3720275,-0.012670154,0.619157,0.37122312,-0.04798892,0.62009394,0.46878314,-0.041455362,0.6633898,0.49371606,-0.030718094,0.7515333,0.3953778,-0.041022316,0.6227318,0.40549845,-0.06559135,0.6268181,0.48247686,-0.060589455,0.66880083,0.50680786,-0.049395822
fist,0.7601988,0.72108555,-9.275398e-07,0.66252077,0.6215329,0.0011389587,0.63879377,0.5237597,-0.008087245,0.6175765,0.45708418,-0.02371965,0.59777707,0.39383847,-0.03162193,0.7896048,0.3545787,0.03245947,0.64464056,0.3433145,-0.014021215,0.6406778,0.4310309,-0.052910596,0.67675966,0.47290927,-0.07427035,0.79464465,0.3507586,0.012683159,0.62997735,0.34366137,-0.031346552,0.6303822,0.44338933,-0.050882638,0.67341244,0.47437963,-0.056394003,0.7829095,0.36124524,-0.01358485,0.6236329,0.35981047,-0.049675256,0.6248892,0.45823613,-0.042518895,0.6689693,0.4828717,-0.031193495,0.75629085,0.38302958,-0.042675696,0.62645453,0.3917131,-0.0677525,0.6302736,0.46971193,-0.06233295,0.67248285,0.4943288,-0.050541125
fist,0.76121813,0.7209362,-9.336619e-07,0.660431,0.62172455,0.00024239921,0.6351445,0.52333176,-0.009234926,0.6132604,0.4560067,-0.024918951,0.59367913,0.39200747,-0.032513566,0.78629375,0.35085136,0.03230615,0.6411236,0.34118384,-0.014568338,0.63836783,0.42991838,-0.05361166,0.67539215,0.470059,-0.07511698,0.7926586,0.3471927,0.0129970405,0.6266192,0.34214216,-0.031854108,0.62760544,0.44306272,-0.051324874,0.6718013,0.4725018,-0.056680232,0.7818107,0.3581047,-0.012942061,0.62161326,0.35938388,-0.04950411,0.62305176,0.45849553,-0.041699663,0.6678501,0.4824695,-0.029812256,0.75557286,0.38037485,-0.041868903,0.6257018,0.3917175,-0.06718685,0.6301064,0.46951842,-0.061717708,0.6731321,0.4935151,-0.049789958
fist,0.75650126,0.718123,-9.2982765e-07,0.65457135,0.619219,-0.00064090523,0.6278924,0.5212025,-0.010648142,0.6052251,0.45477504,-0.026657736,0.58777755,0.39079452,-0.034602426,0.78048486,0.34761852,0.030997997,0.63731444,0.33910352,-0.014687473,0.63461715,0.4281184,-0.05284529,0.67128104,0.4670527,-0.07415505,0.7880214,0.3457815,0.012349301,0.6244317,0.3407138,-0.032592975,0.6245011,0.4423384,-0.052136052,0.66825396,0.47137386,-0.057537954,0.7784258,0.35809857,-0.012743875,0.6201225,0.35970595,-0.049262043,0.620513,0.45900232,-0.04162,0.6650467,0.48328337,-0.029753804,0.7533342,0.38166922,-0.040808525,0.62452376,0.39333495,-0.065940216,0.62867033,0.4704996,-0.060675215,0.67192715,0.4948047,-0.04895623
fist,0.7475165,0.7085134,-8.929983e-07,0.64581096,0.61180896,-0.006405136,0.6113069,0.5127048,-0.020450767,0.586337,0.44699007,-0.039442908,0.58102536,0.39116412,-0.05023558,0.7659892,0.33338544,0.021492604,0.6277889,0.32767507,-0.02381823,0.6256652,0.41776094,-0.060059853,0.6616092,0.45096475,-0.08128926,0.7815336,0.3362844,0.0044255247,0.62163913,0.3380116,-0.040476665,0.62309754,0.43878984,-0.057056397,0.666062,0.46289977,-0.06121531,0.78038627,0.35738143,-0.019291224,0.6254292,0.3657155,-0.05575251,0.6259596,0.4623827,-0.045271326,0.6677909,0.48330808,-0.032104738,0.7637478,0.39302275,-0.04652396,0.6382016,0.4078249,-0.07135771,0.6417111,0.48039204,-0.06523219,0.68224424,0.50165474,-0.05341944
fist,0.7389016,0.69725,-8.745277e-07,0.6384388,0.6098162,-0.017558854,0.58851194,0.51240766,-0.037305243,0.56337065,0.442283,-0.059896342,0.5791213,0.3956952,-0.0734456,0.7313218,0.31540543,0.008185178,0.60727006,0.31866238,-0.03982956,0.6092187,0.41378134,-0.07460825,0.64436173,0.4375693,-0.095445834,0.761984,0.31841713,-0.0053608166,0.61898494,0.33803195,-0.052383922,0.6230948,0.44250855,-0.06503544,0.6625186,0.45746818,-0.066171475,0.7785109,0.34581146,-0.026727576,0.64024353,0.37314358,-0.0660291,0.64071167,0.47064972,-0.051545322,0.6772982,0.4838435,-0.034989797,0.78234404,0.39141166,-0.0526689,0.6694504,0.4186843,-0.07752702,0.6694488,0.48946524,-0.069189146,0.7030824,0.50470686,-0.055773932
fist,0.72234327,0.68126434,-8.444771e-07,0.6241491,0.61575335,-0.029179718,0.55208796,0.51601106,-0.05043797,0.5385307,0.42760617,-0.07319917,0.5885073,0.38948864,-0.08644081,0.65236485,0.31908894,0.00082219037,0.57043374,0.31028596,-0.050480448,0.57851183,0.4115747,-0.080495976,0.6071302,0.42684025,-0.097415805,0.7060369,0.31551805,-0.009018342,0.61384904,0.32810968,-0.059628677,0.61986685,0.44282323,-0.06568276,0.6482798,0.44845986,-0.059282463,0.7518528,0.34015602,-0.029110441,0.66388386,0.36495823,-0.07568882,0.66229016,0.47137013,-0.055963535,0.68609464,0.47619325,-0.03211818,0.7929081,0.38469464,-0.05437689,0.71668303,0.4035613,-0.07955316,0.7101475,0.4785947,-0.06566174,0.7296668,0.48925304,-0.047552004
fist,0.7096615,0.6764289,-8.5076925e-07,0.60912496,0.6306022,-0.032059044,0.5228615,0.5272099,-0.04848213,0.5263299,0.41705856,-0.06720264,0.5974354,0.37241465,-0.0763998,0.5753227,0.35472068,0.007475282,0.53465545,0.31193286,-0.045140393,0.5499088,0.41931581,-0.07065704,0.5703481,0.4369161,-0.08271217,0.64126515,0.33815268,-0.0009848572,0.6012567,0.31092778,-0.05492592,0.6099963,0.43808264,-0.058079522,0.6269133,0.44482198,-0.04542988,0.70592517,0.34575287,-0.021512128,0.67027956,0.33437532,-0.0742927,0.6691228,0.45529667,-0.052362166,0.68186533,0.46235734,-0.022424558,0.7750279,0.36979434,-0.046910618,0.7357234,0.3575303,-0.07135287,0.7259563,0.44384652,-0.05186932,0.7340406,0.45983905,-0.028832141
fist,0.7086132,0.676737,-8.4106887e-07,0.60158014,0.6365582,-0.028404618,0.5117103,0.5306214,-0.041061025,0.5202477,0.410031,-0.058035456,0.59337366,0.35536727,-0.06602627,0.5453761,0.3865243,0.015593059,0.5155839,0.3122314,-0.037304092,0.5349402,0.42046064,-0.060865056,0.55216527,0.44376308,-0.07041169,0.6109364,0.36446235,0.00543145,0.5843451,0.29652002,-0.05032726,0.5973545,0.42862684,-0.053039152,0.6116275,0.44044942,-0.038005374,0.6775862,0.36102575,-0.017214052,0.6561011,0.30875978,-0.07200951,0.6590691,0.4379391,-0.049116887,0.66912186,0.45226985,-0.016479751,0.75158656,0.37074023,-0.044138234,0.7223001,0.3265543,-0.06778356,0.7149474,0.41846362,-0.045225985,0.72092426,0.4423636,-0.019603273
fist,0.71504074,0.67684656,-8.541007e-07,0.5999973,0.6390808,-0.028066274,0.5049666,0.537319,-0.041016202,0.5089184,0.41343206,-0.059272815,0.5796184,0.34754282,-0.06803559,0.5301677,0.3974823,0.019564996,0.49621344,0.31627265,-0.03591185,0.5231072,0.4270764,-0.061152764,0.5421902,0.4521738,-0.070981055,0.59507096,0.36976656,0.008648751,0.56512314,0.29401654,-0.04945024,0.58623827,0.4278418,-0.05348699,0.60158604,0.44010663,-0.038543757,0.6620172,0.3596229,-0.015277818,0.63854253,0.29772896,-0.07104113,0.6487753,0.4296174,-0.04783767,0.66003436,0.44596243,-0.014257806,0.73713404,0.3607082,-0.043672167,0.7068485,0.3117208,-0.065868616,0.7030192,0.4055881,-0.04192974,0.70933807,0.43218175,-0.015209757
fist,0.7186179,0.6762128,-8.6200333e-07,0.60275984,0.63883626,-0.028894588,0.50598854,0.5405079,-0.04375436,0.5092341,0.4199953,-0.063778184,0.5811335,0.35493165,-0.07443926,0.53033745,0.3914186,0.016657721,0.4959013,0.3179018,-0.040769003,0.5247788,0.42797726,-0.06756707,0.5454369,0.4539184,-0.078209184,0.5960964,0.36258873,0.0052000745,0.5664212,0.2952606,-0.054644756,0.5887585,0.42804497,-0.059614293,0.6038383,0.44039378,-0.045289878,0.66399366,0.352247,-0.019319277,0.64127195,0.30055112,-0.07594869,0.65250444,0.43039235,-0.053600013,0.6627244,0.4443983,-0.02075024,0.7394355,0.35365352,-0.048434332,0.71005285,0.3121464,-0.07040741,0.70691746,0.40652013,-0.046552405,0.71247995,0.43170995,-0.020059368
fist,0.7153589,0.66451484,-7.678019e-07,0.6120742,0.63659835,-0.03958398,0.51947623,0.56023586,-0.064952694,0.5142334,0.46887708,-0.09149393,0.58040124,0.4139784,-0.10934688,0.54083574,0.3663123,-0.011319384,0.5175947,0.32880026,-0.07026966,0.54014707,0.41578037,-0.100704454,0.55642444,0.4405051,-0.114924096,0.6133859,0.33591145,-0.019372672,0.59587014,0.32367358,-0.08175932,0.6102602,0.45012903,-0.090264335,0.6187278,0.47088775,-0.07992194,0.6859431,0.33330795,-0.039136074,0.6743454,0.33816236,-0.09613677,0.67781997,0.45464683,-0.0772125,0.6799451,0.46740523,-0.048796024,0.7602942,0.3479312,-0.064383075,0.74422455,0.3522672,-0.091036804,0.7363931,0.44194835,-0.07176335,0.7341188,0.4619382,-0.048461985
fist,0.71228683,0.6458259,-7.004361e-07,0.6189922,0.62919265,-0.054498143,0.52914757,0.5800233,-0.09272657,0.51880395,0.53021485,-0.12662831,0.5858659,0.4966684,-0.1509898,0.55062604,0.3395195,-0.050149035,0.53289944,0.37801623,-0.11022161,0.55161107,0.45569173,-0.14123043,0.56614745,0.46549296,-0.15790367,0.632293,0.3161371,-0.05232227,0.62002885,0.3983276,-0.11316701,0.625938,0.5028791,-0.121278845,0.6293465,0.5043768,-0.115019284,0.7109939,0.3290197,-0.064602315,0.7028757,0.42348298,-0.11787768,0.696192,0.511629,-0.09834738,0.6926504,0.5022965,-0.07358456,0.78447294,0.36252964,-0.084058896,0.77150667,0.43422183,-0.1145546,0.7577981,0.5057222,-0.10009973,0.7513477,0.505759,-0.08067401
fist,0.7124378,0.6027223,-4.8802684e-07,0.62368274,0.6025521,-0.07123559,0.5359148,0.59724516,-0.1259614,0.51816493,0.6119549,-0.16975008,0.59027594,0.61185324,-0.20279653,0.55667484,0.31751886,-0.102639556,0.5384855,0.46211854,-0.16252539,0.5588656,0.5204802,-0.19114943,0.57423276,0.5016827,-0.20856707,0.64974844,0.30497456,-0.09841326,0.63323015,0.5143728,-0.15437368,0.6376512,0.5745934,-0.15859108,0.6407053,0.5381729,-0.15562408,0.73693895,0.3378872,-0.101702794,0.7218197,0.5458272,-0.14661773,0.70883673,0.58358747,-0.12151985,0.7050269,0.53768104,-0.09781335,0.81005144,0.3937264,-0.114397384,0.7904612,0.5499696,-0.14712721,0.77423215,0.5820395,-0.13603398,0.76966757,0.5481347,-0.11938349
fist,0.7210242,0.5571874,-3.3164298e-07,0.61969763,0.5641828,-0.07319729,0.52804315,0.5816454,-0.13236864,0.5152968,0.6351817,-0.17879388,0.6018153,0.6694436,-0.21385118,0.5565025,0.30479407,-0.122674964,0.5228762,0.52471954,-0.17870553,0.5533338,0.5814563,-0.20074205,0.5755085,0.5354053,-0.21480636,0.6525623,0.3057489,-0.11804682,0.6161506,0.5847704,-0.16490543,0.63085115,0.60103047,-0.16182834,0.64066875,0.52135074,-0.15802565,0.74286234,0.3510887,-0.11939721,0.7071105,0.6156449,-0.15396133,0.70024765,0.60979295,-0.12123235,0.70404375,0.52692544,-0.095054194,0.8164215,0.41724747,-0.13103357,0.77579653,0.6098325,-0.1580454,0.7659669,0.60492146,-0.14425346,0.77179825,0.54139006,-0.12673378
fist,0.73563176,0.5336343,-2.6908614e-07,0.62522817,0.54022366,-0.06643619,0.53159094,0.56322724,-0.12364565,0.51049095,0.6260397,-0.1697061,0.5876452,0.67098856,-0.20537727,0.55610013,0.29641557,-0.11761421,0.5133876,0.5271815,-0.17146641,0.54812944,0.5751269,-0.19265917,0.57153684,0.5243859,-0.20625195,0.6492967,0.30163798,-0.11712389,0.6013955,0.5891236,-0.16185895,0.62420404,0.5941272,-0.15931019,0.6367962,0.5111222,-0.15674841,0.7386956,0.34983596,-0.1218555,0.69079113,0.6195861,-0.15439446,0.69324505,0.6059178,-0.12290542,0.7008672,0.52178544,-0.098303124,0.8123331,0.41864318,-0.13611959,0.7633301,0.61576694,-0.1601698,0.76092654,0.60178155,-0.14533035,0.7705175,0.53314465,-0.12808293
fist,0.7761962,0.49589318,-2.8899083e-07,0.6491462,0.49437746,-0.046909608,0.5446215,0.5156521,-0.0950516,0.50781596,0.5894712,-0.13686894,0.5593274,0.6523865,-0.17168748,0.5569799,0.27739376,-0.100783445,0.5009702,0.51199967,-0.14807257,0.5397157,0.5567018,-0.16512933,0.5672704,0.5113293,-0.1761842,0.6449361,0.2915902,-0.11015352,0.5824274,0.57557285,-0.15082589,0.6168693,0.57331127,-0.1486439,0.63467854,0.49814135,-0.1478248,0.7320162,0.34599218,-0.12271543,0.66584814,0.6113231,-0.15381329,0.68586653,0.5937263,-0.12872943,0.70054257,0.5169102,-0.110307135,0.8073799,0.42112526,-0.14168242,0.74298185,0.6149583,-0.16442055,0.75066733,0.5976558,-0.15087973,0.766081,0.532056,-0.13670178
fist,0.81773585,0.4640231,-3.881978e-07,0.6803973,0.4354569,-0.029297132,0.5645801,0.43338078,-0.068699285,0.50908226,0.50339377,-0.105973125,0.53148663,0.5795395,-0.13907562,0.577481,0.21785899,-0.08441494,0.49330512,0.44003534,-0.12681031,0.5314965,0.49738088,-0.1413128,0.5683886,0.4710199,-0.15082763,0.6571127,0.24850342,-0.10164257,0.5644428,0.51380026,-0.1394577,0.6097173,0.52174217,-0.13784543,0.6390924,0.4626854,-0.13880496,0.735748,0.3177933,-0.1203077,0.638694,0.5644694,-0.1503093,0.6753403,0.5572399,-0.13200624,0.7022221,0.49482068,-0.12057966,0.80582297,0.40833268,-0.14238307,0.71707547,0.58723867,-0.16510938,0.7351859,0.5766721,-0.15385592,0.7610914,0.5209724,-0.14346519
fist,0.8341311,0.45751777,-4.731779e-07,0.7047137,0.39514858,-0.0224299,0.5833093,0.35799477,-0.05734284,0.51113904,0.410702,-0.091335,0.5123399,0.49082842,-0.12177602,0.6132202,0.15179443,-0.07585878,0.4996155,0.34526175,-0.11790083,0.5366754,0.41155013,-0.13236903,0.57976055,0.3955204,-0.14143644,0.679721,0.20106319,-0.0949573,0.5544041,0.43419248,-0.13429566,0.6034466,0.45427775,-0.13262638,0.6419091,0.40886736,-0.13295463,0.74144673,0.28718162,-0.114958584,0.6151438,0.5028131,-0.14665046,0.6586877,0.5068128,-0.12909395,0.6953406,0.45513988,-0.117923856,0.7953749,0.3927461,-0.13715687,0.6832961,0.54568565,-0.16112033,0.7085862,0.5423649,-0.15000956,0.7446734,0.49568528,-0.13969949
fist,0.8433793,0.48703346,-5.2087e-07,0.75149715,0.36761945,-0.015624488,0.63152355,0.27736658,-0.045365207,0.531196,0.30170256,-0.074580014,0.49877757,0.38341156,-0.10001721,0.6738043,0.09376769,-0.057736445,0.522133,0.22819734,-0.09992419,0.55539304,0.30136997,-0.11837989,0.60324657,0.2966199,-0.12890647,0.70312476,0.16647683,-0.0757833,0.54051477,0.32913688,-0.11341647,0.5859299,0.36857647,-0.113301754,0.6321886,0.34536427,-0.11382742,0.72425514,0.2697653,-0.09472031,0.5686867,0.41624767,-0.12435212,0.61379385,0.44228488,-0.10676112,0.66053617,0.41272402,-0.09488954,0.7390852,0.38613272,-0.11518408,0.60840994,0.48358902,-0.1354998,0.64119834,0.4992136,-0.121998444,0.68645674,0.4750761,-0.109577
fist,0.8241356,0.5136825,-5.432691e-07,0.7531388,0.38653108,-0.013073427,0.64546233,0.2857806,-0.038272835,0.54619277,0.29719344,-0.06310063,0.5067695,0.3711198,-0.08448824,0.6769481,0.112623654,-0.04681054,0.5340355,0.23028664,-0.08533118,0.56417143,0.30124268,-0.104463324,0.6084208,0.30073604,-0.11567559,0.6908815,0.18281499,-0.06317835,0.5397212,0.32590693,-0.09622021,0.58149534,0.36853594,-0.097914815,0.62555325,0.35378104,-0.09987019,0.69877195,0.2827364,-0.08038771,0.5555826,0.41006774,-0.10650928,0.59845793,0.44085997,-0.09131779,0.6434408,0.42012435,-0.08125236,0.7024386,0.3950865,-0.09892568,0.5831759,0.47894,-0.116460994,0.61616236,0.49976936,-0.103483915,0.6595967,0.4837399,-0.09147225
fist,0.7168201,0.5850735,-4.30674e-07,0.7344046,0.4471156,0.0070464476,0.6781691,0.32674617,0.003366495,0.5926515,0.29789013,-0.0026360936,0.53537124,0.34041673,-0.00816712,0.66197145,0.19047901,0.00389693,0.5765926,0.24910173,-0.012041249,0.59714353,0.311344,-0.02866141,0.62370706,0.32841223,-0.039984494,0.6201305,0.2430077,-0.009503683,0.5366661,0.3172194,-0.013904929,0.56443965,0.36641335,-0.019167852,0.5926906,0.3803938,-0.026484549,0.5822984,0.32542896,-0.022267465,0.50701535,0.38674653,-0.02592724,0.5404306,0.4282895,-0.01973566,0.5725498,0.43769598,-0.018624516,0.5482923,0.4179895,-0.03444702,0.4888071,0.45494017,-0.03468101,0.5188899,0.49056014,-0.021968007,0.5492939,0.502515,-0.011923805
fist,0.58896315,0.6195863,-3.1982592e-07,0.6701225,0.5001052,0.029717296,0.6642908,0.38312885,0.05100326,0.6084427,0.32734436,0.06725898,0.5519855,0.33745706,0.08138096,0.6043671,0.25179714,0.059670098,0.59213525,0.2899024,0.07533719,0.6026769,0.34601814,0.06737316,0.61054957,0.37940958,0.05822634,0.5272844,0.27719334,0.048944555,0.5242963,0.32642907,0.082438156,0.5415169,0.37948018,0.07640403,0.55382013,0.41258526,0.06348308,0.46556243,0.338524,0.040829536,0.46658793,0.3756853,0.06808753,0.49029002,0.4221426,0.06608032,0.506574,0.45144382,0.056149043,0.4155403,0.41356307,0.03507801,0.42087823,0.43635035,0.057430636,0.44443554,0.4775816,0.07018777,0.45898166,0.50440145,0.07690827
fist,0.5357858,0.6013778,-2.797548e-07,0.63320947,0.49284896,0.044172935,0.6351706,0.38507673,0.07844837,0.58461165,0.32705396,0.10584962,0.5297984,0.3309421,0.13044234,0.5661786,0.24586168,0.08917256,0.57419986,0.27604452,0.12027655,0.5804467,0.3310556,0.12042527,0.58267844,0.37045023,0.115810536,0.48220938,0.26399502,0.077877685,0.49680138,0.30405182,0.12818919,0.51081806,0.3591974,0.12656607,0.51899296,0.39971134,0.11506164,0.41650766,0.3211985,0.06995878,0.43352813,0.35374245,0.10941887,0.45409068,0.40152922,0.10600358,0.4668633,0.43835115,0.09379928,0.3652571,0.3950824,0.06576281,0.38317952,0.41416067,0.09705444,0.40367427,0.45521778,0.10996425,0.41441217,0.4865623,0.115679815
fist,0.5356388,0.59353966,-2.7924415e-07,0.6319477,0.48084164,0.04276201,0.6309267,0.37239605,0.076328516,0.5779189,0.31670654,0.10306803,0.52143216,0.3227136,0.12673143,0.56455743,0.23903096,0.088026956,0.56965375,0.2688139,0.118589535,0.574716,0.32340062,0.11925938,0.57810223,0.36348644,0.11519881,0.4799623,0.2544438,0.07696418,0.49096623,0.29323873,0.12643276,0.50368893,0.3496916,0.12593397,0.51432455,0.39162156,0.11586829,0.4134501,0.31085247,0.06902256,0.42731327,0.34392273,0.10707219,0.44699043,0.39340723,0.10413364,0.46203837,0.43093872,0.09284163,0.36184877,0.38532966,0.06469391,0.37563783,0.40792164,0.09388684,0.39592636,0.4503811,0.106457666,0.4086236,0.48263183,0.11256051
fist,0.54612863,0.59086066,-2.925871e-07,0.6440583,0.47428736,0.04406274,0.64032924,0.36370963,0.07819883,0.5870577,0.30829495,0.10495504,0.5297078,0.31503898,0.12833777,0.57586634,0.23545317,0.09098508,0.5804998,0.26479432,0.12153812,0.585265,0.31994626,0.12275567,0.58813393,0.3617229,0.11953479,0.49126282,0.24915822,0.07974679,0.5018737,0.28749722,0.12833707,0.51431286,0.34362274,0.12892926,0.52465963,0.38690948,0.12056625,0.42425627,0.30409685,0.07143234,0.43801087,0.3368627,0.109549,0.4575847,0.3868006,0.10746491,0.47270352,0.42451677,0.09739548,0.371635,0.37830913,0.06675852,0.38513598,0.40157175,0.096664414,0.40549636,0.44388852,0.109749116,0.41836438,0.4767887,0.11644018
fist,0.5566237,0.5760252,-2.703469e-07,0.6572757,0.46524316,0.04228101,0.65482175,0.35254082,0.074785545,0.6034692,0.29363734,0.09972009,0.5462872,0.29691806,0.12098552,0.58853817,0.22888558,0.08821072,0.5957197,0.25451645,0.11705724,0.6001747,0.30969605,0.11780937,0.60073984,0.35168856,0.11443965,0.504866,0.23815706,0.07727279,0.5186547,0.27262384,0.123558775,0.53132117,0.32908767,0.124466136,0.54010636,0.37286514,0.116892174,0.43858013,0.28899786,0.06905624,0.4542459,0.3176755,0.10567795,0.47450408,0.36811066,0.104935884,0.4884264,0.40604377,0.09612795,0.38576323,0.35996902,0.06433026,0.39876902,0.38193023,0.09361959,0.41953284,0.4235496,0.10733114,0.43218738,0.45639873,0.114551246
fist,0.5567738,0.5699395,-2.9253573e-07,0.66101134,0.4638483,0.044996157,0.6619139,0.35106677,0.0793448,0.61342436,0.2888342,0.106134474,0.5570883,0.28962913,0.12919937,0.58962274,0.21697001,0.09021525,0.60285693,0.24214236,0.12190993,0.6062857,0.2982667,0.124107346,0.60359186,0.34071168,0.1213486,0.5049001,0.22634232,0.0794072,0.52410924,0.2583181,0.12908795,0.5364648,0.31567112,0.13128972,0.5426499,0.36157495,0.12376855,0.43849897,0.2769614,0.07186151,0.45911828,0.30243695,0.11155925,0.47917214,0.3530777,0.111410834,0.49091944,0.3936374,0.10227752,0.3862347,0.34785667,0.06812144,0.40268582,0.36449158,0.10026248,0.4233226,0.4055055,0.11483476,0.43448654,0.4399824,0.12207931
fist,0.5572187,0.5752093,-3.5197044e-07,0.6596627,0.47371203,0.038886916,0.6673344,0.36214483,0.067328244,0.6200955,0.2970635,0.08994866,0.5636387,0.29512075,0.10891038,0.59223676,0.21196441,0.06899657,0.60905796,0.24023852,0.094851874,0.6104872,0.29738605,0.09378393,0.6055409,0.3381923,0.08856146,0.5060413,0.21961553,0.058900665,0.5280918,0.25439793,0.10444353,0.53850234,0.3137894,0.105205014,0.54255927,0.35971954,0.095520474,0.43902707,0.27047879,0.052756704,0.46199495,0.2976345,0.08847757,0.48120818,0.34982103,0.0868877,0.49135175,0.39240474,0.07599445,0.38662282,0.3405409,0.05026733,0.40417546,0.35827568,0.077694714,0.42547697,0.40103728,0.09043573,0.43611908,0.43686333,0.09648856
fist,0.55809456,0.58611625,-3.8674662e-07,0.66120636,0.4873901,0.04220269,0.6716936,0.3799714,0.07311016,0.62538326,0.316099,0.098875,0.56944954,0.31281587,0.121651605,0.60096,0.21205978,0.07168149,0.61690104,0.24820726,0.10079515,0.61708707,0.3057271,0.10098374,0.6110798,0.34474507,0.09638207,0.51383626,0.22253203,0.062001925,0.534394,0.2604033,0.11166124,0.54347646,0.31960297,0.11390351,0.54561543,0.3657665,0.10436163,0.44523653,0.2747489,0.056860536,0.46797085,0.30329487,0.09657411,0.48575264,0.35530248,0.09522391,0.49448213,0.39885134,0.08382588,0.39122513,0.34529823,0.05563303,0.41040748,0.36125785,0.08618605,0.4305849,0.40482506,0.099377595,0.43954524,0.44127956,0.10529232
fist,0.5617651,0.60116845,-3.8292106e-07,0.66259503,0.5047562,0.039861232,0.6754502,0.4011855,0.06866202,0.6301131,0.3403975,0.09292637,0.57561445,0.33748662,0.114533186,0.608508,0.23003583,0.0651402,0.62209386,0.26452896,0.09190461,0.6212041,0.32129523,0.09189872,0.6156176,0.3603053,0.08757714,0.5218276,0.23881435,0.055786204,0.5397209,0.2748907,0.10231309,0.54722536,0.33316728,0.104503855,0.54909223,0.3801446,0.09556215,0.45287055,0.28926763,0.05093394,0.47401342,0.31746635,0.087813355,0.48985094,0.36950237,0.08613313,0.4977273,0.4141399,0.075249895,0.39789242,0.35766798,0.04990067,0.4167119,0.3740392,0.077966236,0.43518677,0.41879344,0.09029333,0.4429225,0.45597896,0.09618286
fist,0.56536293,0.6184334,-3.3050821e-07,0.66451657,0.5276769,0.02269285,0.68226063,0.42609087,0.037773848,0.6373505,0.3674105,0.050320286,0.58358246,0.3626364,0.06092999,0.6100884,0.25100118,0.034908045,0.62520015,0.28544766,0.04556211,0.6254096,0.34332964,0.037624992,0.6189443,0.38195485,0.029005926,0.5250901,0.26079127,0.026742974,0.545307,0.29641527,0.05564497,0.55376816,0.3532697,0.05465566,0.5533557,0.3992859,0.045502804,0.45715857,0.31175584,0.021689877,0.48122048,0.33796066,0.04302262,0.49732932,0.38810435,0.042555347,0.50266355,0.43149585,0.035104074,0.40305775,0.38021076,0.018949294,0.4253839,0.39186308,0.034908883,0.44351164,0.4353282,0.046567257,0.44838753,0.4716587,0.05363092
fist,0.56758,0.63472384,-3.1484535e-07,0.66558963,0.54615414,0.012475167,0.6857757,0.4440481,0.019836761,0.6407558,0.38545167,0.025795588,0.58671284,0.38111606,0.029871468,0.60878307,0.26844424,0.01700337,0.62531716,0.3026728,0.018947748,0.62624586,0.36095187,0.0064941323,0.6202601,0.39926046,-0.004741671,0.5246366,0.27814752,0.009765191,0.54680866,0.31497186,0.029668797,0.5557768,0.37104365,0.026353484,0.55486524,0.41640395,0.01625574,0.4577263,0.32962203,0.0049493522,0.48348632,0.3555159,0.017976727,0.500007,0.40467435,0.017096302,0.5045954,0.447738,0.010417032,0.40460628,0.39818972,0.0016397049,0.42789522,0.4078005,0.010677304,0.44622928,0.45030484,0.02129462,0.45040908,0.4865088,0.028424252
fist,0.5704753,0.65324324,-3.2286428e-07,0.6686677,0.5656537,0.021808755,0.68743265,0.46516114,0.036738746,0.6428034,0.40587005,0.04933989,0.58949834,0.4026199,0.059916545,0.61172116,0.29168323,0.033596206,0.62687165,0.32115328,0.04479973,0.6280477,0.37752396,0.037274987,0.6232642,0.4157114,0.028880784,0.5276913,0.29973963,0.02597471,0.5493908,0.3335448,0.0562175,0.5582398,0.3892308,0.055042922,0.55849147,0.43455806,0.04529702,0.46129292,0.34960634,0.021577496,0.48567852,0.3741795,0.043738462,0.5016571,0.42359433,0.0429073,0.5071517,0.46698707,0.03478753,0.4087216,0.41734457,0.019484367,0.43013263,0.42575115,0.03597684,0.44820485,0.46842805,0.047936104,0.453233,0.50488156,0.055047087
fist,0.5759305,0.666055,-3.1347057e-07,0.6726405,0.5771193,0.025511095,0.6886176,0.47710413,0.04391344,0.64409596,0.41840482,0.05924071,0.59137857,0.4164966,0.072305135,0.61445844,0.30882058,0.043722473,0.6275317,0.33931214,0.05837959,0.628388,0.39476466,0.052186716,0.6248722,0.43208194,0.044580262,0.53045714,0.31597707,0.035654552,0.55022067,0.3516701,0.069656,0.55884874,0.40742198,0.06864129,0.5606442,0.45166928,0.058993958,0.46438208,0.36536294,0.03078596,0.4862198,0.39333814,0.055993445,0.50236833,0.4436709,0.054916106,0.50933105,0.48545495,0.04648565,0.4118805,0.43351254,0.028430536,0.43035048,0.4446889,0.0474383,0.44833127,0.48750368,0.059815437,0.4544691,0.52273875,0.06714839
fist,0.5805303,0.6672155,-3.3105513e-07,0.6766778,0.57883906,0.030606413,0.6898325,0.47868958,0.053100735,0.64660865,0.41767603,0.071898155,0.59390175,0.41571435,0.08790869,0.6193587,0.31455016,0.05252952,0.632146,0.34506866,0.07228205,0.6317086,0.3991912,0.06856011,0.6273162,0.43641362,0.062143575,0.53580785,0.320311,0.044144027,0.5539659,0.35648078,0.08328053,0.56180066,0.41247407,0.08304352,0.5643097,0.45725918,0.07335599,0.4698255,0.36841553,0.039423563,0.48931265,0.3972172,0.06893323,0.50556517,0.4477552,0.067625985,0.5134964,0.48975483,0.05832561,0.41740146,0.43615565,0.037742868,0.43109164,0.44796878,0.059776306,0.44957146,0.4899866,0.07233665,0.45786983,0.5251396,0.0794249
fist,0.586956,0.66392946,-2.986996e-07,0.67867506,0.56876624,0.022839721,0.6855127,0.46325547,0.039288245,0.64167166,0.40247416,0.05249398,0.58770037,0.4023056,0.062499613,0.61773443,0.3125121,0.040481202,0.6300839,0.3473169,0.05239757,0.6301935,0.40227097,0.044122387,0.625985,0.4400788,0.035033695,0.53562754,0.32209998,0.03245694,0.5533346,0.3614254,0.062702805,0.56240594,0.41623297,0.060024302,0.5653807,0.45981646,0.049693692,0.4705413,0.37302193,0.02726176,0.48981923,0.4024385,0.04937046,0.50835735,0.45045462,0.048058935,0.51755184,0.4895308,0.039904207,0.4191304,0.44252905,0.024404079,0.43204626,0.45374766,0.04062099,0.4522509,0.49288744,0.05250272,0.4619937,0.52604365,0.059790958
fist,0.5962977,0.65340453,-3.2504164e-07,0.673164,0.5495508,0.025860256,0.66846645,0.4402547,0.042318486,0.6208222,0.38255763,0.054581832,0.56733716,0.3896161,0.06374639,0.6111619,0.3076401,0.041911256,0.601663,0.3413489,0.053549934,0.605291,0.39671293,0.04669097,0.60853827,0.43198568,0.038796045,0.5380735,0.3229115,0.0318951,0.5343765,0.36562964,0.060141195,0.54733974,0.41935006,0.05790467,0.5565473,0.4571082,0.04823352,0.47954616,0.37580204,0.024826508,0.47827107,0.40835437,0.047904085,0.50038767,0.45543948,0.048554294,0.5154959,0.48778218,0.04089086,0.43304104,0.44601756,0.020029325,0.43013573,0.46160936,0.037294205,0.45360512,0.49884138,0.04936231,0.4694287,0.52597606,0.05611155
fist,0.62593234,0.64649457,-4.5298438e-07,0.6285334,0.54769987,0.012434285,0.5879648,0.44168997,0.014313651,0.53158915,0.3977429,0.012475275,0.482886,0.4160149,0.01111745,0.5826672,0.29245257,0.017445069,0.50601405,0.34565973,0.0076219635,0.51573944,0.4095853,-0.0051717944,0.5382186,0.43503255,-0.014238532,0.5493778,0.31634265,0.0034615204,0.47415096,0.38960376,0.005095943,0.49597877,0.44627085,0.0022513084,0.5213355,0.46374458,-0.0033525892,0.5202914,0.37346625,-0.010313975,0.45198685,0.4401802,-0.0057133352,0.47927442,0.49203724,0.0018210274,0.50656366,0.50462836,0.0017095413,0.49526268,0.4480973,-0.024284994,0.4427127,0.4959906,-0.020104662,0.46746102,0.5353676,-0.009172184,0.493318,0.54551995,-0.0013916664
fist,0.66452795,0.66072404,-6.3426114e-07,0.5885046,0.58220303,-0.0027728104,0.50537765,0.49794215,-0.01723081,0.43266892,0.47933692,-0.034220256,0.39138713,0.5097176,-0.046239145,0.52256024,0.29989213,-0.011832745,0.39166862,0.40232468,-0.045215406,0.41577643,0.4690922,-0.065424755,0.4552887,0.4703185,-0.07696615,0.53727853,0.33151475,-0.029721484,0.40173754,0.46987224,-0.056213308,0.43812507,0.522015,-0.059834976,0.4753285,0.51033515,-0.06188035,0.54883134,0.39539716,-0.05004682,0.42460638,0.5295731,-0.0669267,0.4620381,0.575548,-0.053184874,0.49720073,0.5592944,-0.045515746,0.557582,0.47906405,-0.07280797,0.46165133,0.582449,-0.08323566,0.49071488,0.61526424,-0.07394177,0.52412885,0.5994297,-0.06503478
fist,0.68534696,0.68655723,-6.904443e-07,0.57431376,0.6212902,-0.014346833,0.46630168,0.5566489,-0.03866045,0.38347158,0.5611378,-0.06390896,0.34723896,0.60008264,-0.08207062,0.47019237,0.32422423,-0.030534023,0.33996433,0.4717751,-0.07570778,0.3770756,0.5342393,-0.10063057,0.41865867,0.51789826,-0.114644326,0.5093468,0.35970443,-0.048106454,0.37276095,0.54873437,-0.08774552,0.42102438,0.5903882,-0.09211035,0.4580379,0.56151426,-0.09336004,0.5454203,0.43015066,-0.06944865,0.42097443,0.61223924,-0.097636454,0.4673035,0.64491,-0.08157713,0.5005444,0.6119584,-0.07028004,0.57814634,0.5213529,-0.09429213,0.48103052,0.6591941,-0.11095198,0.514084,0.6793691,-0.10141434,0.54572934,0.6477988,-0.09130434
fist,0.69749194,0.71135926,-6.775234e-07,0.58445495,0.6425363,-0.01794881,0.46406737,0.5955147,-0.047878645,0.36974052,0.62306684,-0.07759102,0.3351518,0.66704047,-0.09940861,0.4350051,0.35751948,-0.043716095,0.3150962,0.54376423,-0.09176697,0.36771527,0.5955234,-0.11636253,0.41040164,0.558931,-0.1306322,0.48458892,0.39840847,-0.06139471,0.360056,0.6282531,-0.104320705,0.42001343,0.6519357,-0.10777911,0.45501557,0.6069897,-0.109131254,0.53351545,0.4748488,-0.082389206,0.42107168,0.69213855,-0.11320162,0.47607833,0.70639277,-0.09554989,0.5070835,0.6582489,-0.08350487,0.580753,0.57132405,-0.106763616,0.48972622,0.7344176,-0.12508531,0.5283286,0.7391406,-0.115055904,0.5591949,0.6931466,-0.104736544
fist,0.6897676,0.7199548,-6.372805e-07,0.5711909,0.6522498,-0.02318706,0.4515646,0.61038905,-0.058131117,0.36005032,0.6442748,-0.09146109,0.33688977,0.68616986,-0.11629973,0.43207845,0.36160073,-0.05503013,0.3170506,0.55472016,-0.10364504,0.37194246,0.60405064,-0.1275254,0.41288143,0.5635086,-0.14205757,0.4890949,0.40167746,-0.07164214,0.3685442,0.64020944,-0.11502947,0.42951417,0.65784633,-0.11765244,0.4629167,0.6073316,-0.11923625,0.5448134,0.47859606,-0.091504686,0.4344614,0.70227444,-0.121532425,0.48810244,0.71116596,-0.1022975,0.5176601,0.65898585,-0.090065934,0.597248,0.57601905,-0.115237035,0.50581086,0.7442936,-0.13288447,0.54253924,0.7430998,-0.12213514,0.5722016,0.6920744,-0.11196078
fist,0.6570925,0.7102758,-5.134615e-07,0.5315307,0.6585349,-0.03369539,0.42535877,0.6262001,-0.07632706,0.35339487,0.6577757,-0.11499621,0.35141477,0.6938095,-0.14466214,0.43059602,0.35698095,-0.07176548,0.32876348,0.55429596,-0.12226613,0.379337,0.6021084,-0.14748071,0.41578,0.55915225,-0.16385242,0.5018572,0.389224,-0.0857447,0.38949174,0.6364912,-0.12872772,0.44328317,0.6507141,-0.13166174,0.4718501,0.58941394,-0.13449739,0.56956565,0.462505,-0.103425466,0.46286577,0.69473493,-0.13175826,0.50552624,0.69955146,-0.109552786,0.5315242,0.64158285,-0.096116036,0.62873316,0.55805975,-0.12649497,0.5390639,0.7331568,-0.14409938,0.5664289,0.72587204,-0.13199988,0.59168494,0.6669911,-0.12101357
fist,0.6281916,0.68556225,-3.5484697e-07,0.50614756,0.64999926,-0.043401316,0.4100601,0.63317406,-0.09267076,0.35298163,0.67305434,-0.13595916,0.36770135,0.7152482,-0.17024364,0.42048082,0.35617697,-0.08571961,0.33396262,0.56381685,-0.13860668,0.38109845,0.6047908,-0.16607514,0.41291276,0.5559163,-0.18452582,0.50192064,0.37909633,-0.096693076,0.40295362,0.63951,-0.13958709,0.45034185,0.6462641,-0.14354876,0.47302637,0.5735939,-0.14780252,0.5797701,0.44642076,-0.11182753,0.48362488,0.6925088,-0.13879363,0.51731265,0.68929636,-0.11469795,0.5383371,0.6229924,-0.10042012,0.64533913,0.53733766,-0.13375658,0.56391084,0.7232963,-0.15161997,0.584309,0.7084182,-0.13903968,0.6043105,0.6402787,-0.12767866
fist,0.6046645,0.65122306,-1.9230428e-07,0.4933862,0.63834846,-0.056772202,0.40415174,0.64675194,-0.11406181,0.36427283,0.7024405,-0.16287993,0.3982323,0.7462784,-0.20270336,0.40201527,0.35635167,-0.10146545,0.34097686,0.5838256,-0.15868714,0.38558042,0.6157998,-0.19042578,0.41052294,0.55720586,-0.21213022,0.4948686,0.36646143,-0.10755213,0.42418313,0.6480223,-0.15239441,0.46402544,0.64374006,-0.15831478,0.4770566,0.55659294,-0.16397567,0.5862414,0.42316192,-0.118656375,0.5152779,0.6900915,-0.1463158,0.5380796,0.675269,-0.1191741,0.54951847,0.5968844,-0.10224946,0.6623964,0.50454766,-0.13836944,0.5998429,0.7064104,-0.15882978,0.6127482,0.68209255,-0.14542052,0.62489474,0.60142523,-0.13229895
fist,0.6119663,0.63096863,-2.0488088e-07,0.49874696,0.6362381,-0.0685887,0.4029556,0.6639568,-0.1321735,0.36814088,0.73073196,-0.18509838,0.42490664,0.76671165,-0.22763261,0.39146906,0.3498288,-0.11578236,0.34821564,0.5962087,-0.17628491,0.39313748,0.6298998,-0.20727429,0.41361123,0.5664567,-0.22817042,0.49300092,0.3491108,-0.11741434,0.44388595,0.65862787,-0.16586335,0.47911677,0.651117,-0.16943362,0.48567086,0.55572283,-0.17225866,0.5946149,0.39727268,-0.12502122,0.5438649,0.6903363,-0.15624991,0.55932057,0.67015,-0.12490568,0.5637384,0.5810462,-0.10317626,0.67984545,0.47132024,-0.14267528,0.6304103,0.6927937,-0.16569328,0.63836765,0.66810167,-0.15072903,0.6457726,0.58276165,-0.13472708
fist,0.6169666,0.62880754,-2.3512753e-07,0.49928203,0.6395596,-0.072711125,0.39856294,0.67261153,-0.13775587,0.3668768,0.74274594,-0.19139963,0.43644828,0.7728009,-0.23387404,0.39040884,0.34528208,-0.11981509,0.35288498,0.5979768,-0.18098977,0.39751,0.634643,-0.21077721,0.41609135,0.57013893,-0.23072863,0.4959616,0.34048805,-0.11998348,0.45357972,0.66306597,-0.16914131,0.48645625,0.65527815,-0.17082098,0.49031433,0.55642027,-0.17180991,0.6019201,0.38622358,-0.12666896,0.55768883,0.6929582,-0.15887398,0.56923217,0.67129934,-0.12520808,0.5704585,0.57735175,-0.10101032,0.69081867,0.45840493,-0.1440696,0.64514095,0.6912497,-0.16800486,0.6505518,0.667228,-0.15219824,0.6559025,0.58024913,-0.13470414
fist,0.6118537,0.6389244,-3.1299672e-07,0.48159623,0.6571412,-0.07840924,0.3711718,0.69373333,-0.14591128,0.33572668,0.7620113,-0.20118818,0.41240495,0.7859014,-0.24380735,0.36944705,0.34005517,-0.12434962,0.32875934,0.60292935,-0.18840149,0.37232378,0.6448696,-0.21763039,0.39083275,0.5779187,-0.23666635,0.48242277,0.33071938,-0.12381379,0.43795878,0.6744499,-0.17612424,0.47076327,0.6665616,-0.17625923,0.47527784,0.5613895,-0.1751424,0.595069,0.37584066,-0.13075033,0.54911125,0.70641553,-0.16665995,0.5605772,0.68372685,-0.1303891,0.56182456,0.5821576,-0.10290675,0.6898495,0.44921765,-0.14937325,0.6422851,0.70202833,-0.1762981,0.6485422,0.67863935,-0.15987217,0.6548682,0.5878118,-0.140384
fist,0.5963318,0.6607784,-2.955025e-07,0.45445514,0.6865475,-0.09163202,0.33414662,0.72769135,-0.17024009,0.29950276,0.80321133,-0.2354511,0.3778755,0.8328923,-0.28714508,0.32392436,0.3218004,-0.14148204,0.28177124,0.62366587,-0.2190214,0.32880253,0.6714791,-0.25901765,0.35121077,0.5939645,-0.28468296,0.45538282,0.30868405,-0.14089674,0.41384625,0.7000625,-0.20326114,0.4474067,0.6896862,-0.2073389,0.4532907,0.57091606,-0.2078794,0.5868687,0.3585365,-0.1492612,0.54125243,0.735361,-0.19371499,0.55188906,0.708134,-0.15359414,0.5537707,0.5922554,-0.12146463,0.69702405,0.44183773,-0.17124936,0.6490174,0.7299752,-0.20655596,0.6569881,0.70334446,-0.18848296,0.6679533,0.6002544,-0.16457848
fist,0.59443885,0.68945426,-4.3728988e-07,0.44390494,0.7221125,-0.10375649,0.31263873,0.76527214,-0.18952076,0.27688748,0.83716524,-0.2605663,0.3626172,0.860593,-0.31698358,0.30388683,0.3251733,-0.15331808,0.26204175,0.641828,-0.24032772,0.30596218,0.70199454,-0.28615263,0.3285732,0.62370634,-0.31483334,0.44644913,0.3077934,-0.15023418,0.40728807,0.7199372,-0.21967602,0.43684712,0.72053826,-0.2237277,0.4414482,0.59975314,-0.22265652,0.5881362,0.35867062,-0.15779826,0.5434544,0.7555586,-0.21091649,0.55130947,0.73523635,-0.16806504,0.55306363,0.6171076,-0.1315307,0.70570934,0.4446196,-0.18025675,0.6587636,0.7493617,-0.22249189,0.6653352,0.73006696,-0.20316562,0.6773495,0.6273335,-0.17581412
fist,0.6094249,0.71411633,-5.3551446e-07,0.46353096,0.74405617,-0.09936859,0.33594388,0.7804618,-0.18020776,0.2992981,0.8390497,-0.24726169,0.38567108,0.85079336,-0.30035946,0.3227111,0.35440707,-0.14134556,0.28613827,0.6517652,-0.22334166,0.32996163,0.7165193,-0.26618463,0.35166162,0.6467945,-0.29288164,0.45694572,0.33757275,-0.1376722,0.4201488,0.72121215,-0.20414813,0.44924077,0.73575073,-0.2079849,0.45434302,0.6312402,-0.20648542,0.5897921,0.385011,-0.14452195,0.5472077,0.75297886,-0.19786471,0.55790734,0.74662,-0.15991588,0.5621251,0.6427008,-0.12627676,0.69965565,0.46508846,-0.1651493,0.65633404,0.7486698,-0.2052783,0.6651074,0.7423834,-0.18728027,0.67839515,0.6538246,-0.16165645
fist,0.6158651,0.7173253,-6.3027596e-07,0.48385406,0.73970926,-0.08268936,0.3666354,0.76404667,-0.14789912,0.32635316,0.8002162,-0.20178369,0.40817595,0.7970081,-0.24293992,0.35522097,0.38943917,-0.109337434,0.32496768,0.63226604,-0.17624895,0.362587,0.69774926,-0.20931105,0.38009357,0.64454156,-0.22971351,0.4677979,0.37280366,-0.10594155,0.43438977,0.69022954,-0.16165766,0.46136823,0.71885693,-0.16332047,0.4663743,0.63657194,-0.16031368,0.57908857,0.41082615,-0.112105295,0.5411432,0.7156745,-0.15845743,0.55422854,0.7264002,-0.12872778,0.55957633,0.6460499,-0.101448916,0.67207974,0.4757487,-0.1295664,0.63497835,0.7132124,-0.1610461,0.64370215,0.72019833,-0.14626673,0.653612,0.6524621,-0.12565139
fist,0.623613,0.69860065,-5.711144e-07,0.51316583,0.70733756,-0.06068005,0.4157917,0.7149084,-0.10887907,0.3744222,0.7329627,-0.14868145,0.4368178,0.72783464,-0.17752467,0.3893792,0.40330952,-0.0742441,0.36700422,0.5979271,-0.12378595,0.40708217,0.65715986,-0.14760293,0.42363602,0.6160268,-0.163115,0.4771101,0.38602728,-0.07346233,0.45001045,0.63993406,-0.117337845,0.48149663,0.67531955,-0.1202814,0.48831758,0.6109244,-0.119230196,0.5659993,0.4140628,-0.08016957,0.5354093,0.65795267,-0.115300015,0.5544272,0.6812422,-0.095256746,0.5614069,0.6216961,-0.07742036,0.6428037,0.46553406,-0.09530556,0.6126015,0.65698737,-0.11626907,0.62315357,0.6717895,-0.10611643,0.63071716,0.6197851,-0.09257436
fist,0.6158623,0.6836068,-5.3409383e-07,0.5156132,0.68913966,-0.05533122,0.42458153,0.6910415,-0.09819023,0.39287558,0.70654696,-0.1331272,0.4569735,0.7047049,-0.15811674,0.40270296,0.4032066,-0.06607381,0.38690054,0.5831085,-0.11138358,0.42319435,0.64264774,-0.13466719,0.43809977,0.6049122,-0.15068945,0.48414937,0.38414663,-0.06506302,0.464729,0.6198169,-0.10484837,0.49294376,0.6580107,-0.10901972,0.49893007,0.5972624,-0.10963897,0.5672822,0.4080914,-0.0709317,0.54426503,0.6351952,-0.10165219,0.56028146,0.6619818,-0.08421801,0.56591684,0.607113,-0.0693543,0.6395191,0.45429555,-0.08469255,0.61468333,0.632272,-0.10320042,0.6228522,0.6482369,-0.09478777,0.6287805,0.59915596,-0.08350207
fist,0.62200636,0.666721,-5.200118e-07,0.5252828,0.6719966,-0.052550763,0.43777543,0.6702253,-0.09296875,0.41087276,0.6829836,-0.12566254,0.47469616,0.6808251,-0.14886335,0.42034253,0.3977605,-0.06339665,0.40699577,0.5704297,-0.106785156,0.44089437,0.6289977,-0.12968047,0.45506102,0.59332126,-0.14570892,0.49789852,0.37889642,-0.062208973,0.48165312,0.603655,-0.09961544,0.5063808,0.64173615,-0.103742,0.51172495,0.5838473,-0.104755536,0.5773393,0.40093598,-0.067458294,0.5574347,0.6169949,-0.095649764,0.5704881,0.6441983,-0.07820035,0.5755224,0.59208024,-0.06393783,0.6465861,0.44453397,-0.08037375,0.62399715,0.61275315,-0.09806737,0.6302092,0.6280628,-0.08993389,0.6357216,0.58070624,-0.079165176
fist,0.6281711,0.65775126,-5.1585346e-07,0.53533626,0.66517687,-0.0516104,0.45210117,0.6621621,-0.091125116,0.42023006,0.6685959,-0.12314844,0.4783432,0.6591584,-0.1458166,0.4331883,0.39484182,-0.059740245,0.41830724,0.5568384,-0.102367796,0.45104504,0.6126653,-0.12555799,0.46599928,0.57940537,-0.14150731,0.5057221,0.3769973,-0.05763883,0.48744434,0.587844,-0.09446203,0.51246566,0.62796867,-0.09892495,0.51980364,0.5759751,-0.09984815,0.58046496,0.39824763,-0.061916072,0.5587872,0.5996314,-0.08953617,0.5724522,0.63027686,-0.07269064,0.5794091,0.5840789,-0.058753956,0.64606625,0.4407668,-0.07363802,0.62329143,0.59619015,-0.0906024,0.62925327,0.6142583,-0.08276891,0.63545525,0.5719837,-0.07227087
fist,0.62949765,0.6545049,-5.2030333e-07,0.5404674,0.663585,-0.050294977,0.4606524,0.659671,-0.08837729,0.4231581,0.6610733,-0.11936557,0.47547692,0.64735496,-0.14102362,0.43802887,0.4006588,-0.054914303,0.42123955,0.55057335,-0.09611952,0.4547413,0.6039556,-0.118193224,0.4707077,0.573547,-0.1330101,0.5053664,0.38200575,-0.05225609,0.48556757,0.5784321,-0.088590726,0.5124167,0.6215106,-0.09293313,0.52101815,0.57578236,-0.09320756,0.57537436,0.40108353,-0.056016736,0.5529658,0.58837485,-0.08352643,0.56848705,0.62349814,-0.06757719,0.57652104,0.58292496,-0.053961266,0.6375686,0.44084054,-0.066893354,0.6151148,0.58530855,-0.08254046,0.6214603,0.60821724,-0.07475757,0.62761205,0.5719093,-0.064544976
fist,0.6243171,0.6506468,-5.0809933e-07,0.540611,0.6615261,-0.048774894,0.46545663,0.6578949,-0.08508526,0.4261511,0.6567134,-0.11453321,0.4741231,0.63757616,-0.1349312,0.44107637,0.40801042,-0.050793417,0.42370135,0.54719377,-0.09065775,0.45674267,0.59734154,-0.112074554,0.4732135,0.5680684,-0.12612206,0.5033083,0.38854358,-0.047461573,0.48374158,0.57083666,-0.08278684,0.51161623,0.61448485,-0.08720767,0.5208706,0.5731592,-0.08721478,0.5686446,0.40485412,-0.050509892,0.547353,0.5793729,-0.0776428,0.56421244,0.61702526,-0.0631275,0.57281005,0.5807921,-0.05026391,0.62718594,0.4412946,-0.060341142,0.60641515,0.57614625,-0.07507032,0.61361945,0.6029111,-0.06780936,0.6200489,0.57155174,-0.058173567
fist,0.62569624,0.64902806,-5.1288663e-07,0.5435411,0.6607197,-0.047955085,0.4700931,0.6584368,-0.08313749,0.43149114,0.65843946,-0.11140945,0.4785881,0.63807315,-0.13077791,0.44437647,0.41400075,-0.050169587,0.42802793,0.54967153,-0.08926736,0.46155277,0.59919757,-0.109922305,0.4779945,0.57010543,-0.12345946,0.5052736,0.3935473,-0.046520475,0.48716894,0.5715906,-0.08093146,0.51501334,0.6167419,-0.084828325,0.52364904,0.57654065,-0.0845532,0.5693769,0.40826076,-0.049151983,0.5501987,0.57981455,-0.075913355,0.5667071,0.6192194,-0.061774515,0.57492715,0.58450013,-0.04921639,0.62681615,0.44301257,-0.058403708,0.6078053,0.57623416,-0.073139384,0.61490667,0.60522103,-0.06622523,0.6212387,0.57592666,-0.056950916
fist,0.627389,0.6506767,-5.138412e-07,0.54608405,0.6619562,-0.04762904,0.47344965,0.65999836,-0.08254344,0.434505,0.66123545,-0.11052209,0.48075622,0.6411728,-0.12958518,0.4475793,0.41686887,-0.05072136,0.4314525,0.5519015,-0.08964941,0.46476468,0.60128385,-0.109838665,0.4810516,0.5723624,-0.12303122,0.5082675,0.39681712,-0.047008913,0.49041978,0.57510823,-0.08144806,0.5181807,0.62050307,-0.0850987,0.5267671,0.57992744,-0.08459721,0.57229996,0.41186285,-0.049462326,0.5534376,0.5834424,-0.076193385,0.56967324,0.6226479,-0.06190319,0.5778677,0.5877611,-0.049195036,0.62958306,0.44695783,-0.058470827,0.61095977,0.5797795,-0.07340838,0.6176989,0.60811585,-0.06660472,0.62397903,0.57833755,-0.05731848
fist,0.6296246,0.65320987,-5.0238884e-07,0.54957294,0.6646172,-0.04772793,0.47802886,0.6627427,-0.082881495,0.43815893,0.66427284,-0.11116834,0.4820609,0.6434761,-0.13060042,0.4511404,0.4214599,-0.050954957,0.4347582,0.55551606,-0.090629056,0.46805197,0.6040391,-0.1115279,0.48454255,0.5751841,-0.12508574,0.51140594,0.40145287,-0.047150385,0.49299735,0.57887745,-0.08205901,0.52095616,0.6236729,-0.08591508,0.52975285,0.582502,-0.08543347,0.5750774,0.4164371,-0.049555615,0.5554429,0.5872437,-0.07643413,0.5719922,0.6256088,-0.061750244,0.5804645,0.590125,-0.048704296,0.6318464,0.4517464,-0.058550846,0.6129225,0.58419645,-0.07375395,0.6199336,0.61078036,-0.0668532,0.6265503,0.5798291,-0.05736975
fist,0.6300117,0.65441835,-4.975333e-07,0.55066216,0.6656233,-0.047571987,0.4796598,0.6636346,-0.08270363,0.43937063,0.6652485,-0.110985085,0.4822461,0.64498746,-0.13044778,0.45284423,0.42344418,-0.05114175,0.436691,0.55682856,-0.090870276,0.47015196,0.60471994,-0.11177738,0.4868916,0.57564193,-0.12529251,0.5129323,0.40347314,-0.047357958,0.49475616,0.5798055,-0.08237523,0.52271545,0.62429905,-0.086192235,0.53160244,0.58330506,-0.08561812,0.5764628,0.4184242,-0.04973369,0.55697787,0.5880486,-0.07676415,0.573476,0.6261281,-0.06201197,0.5819314,0.59060544,-0.048842262,0.63310707,0.4535901,-0.058647245,0.6142069,0.58503824,-0.07381496,0.62110865,0.61116517,-0.06680848,0.6276811,0.5799313,-0.057239562
fist,0.63377684,0.6582098,-4.9971834e-07,0.5539167,0.6693789,-0.047037393,0.4827425,0.66719383,-0.08208021,0.44235396,0.6682635,-0.11038333,0.4853351,0.6483735,-0.13002679,0.45651245,0.4259735,-0.050371956,0.43984684,0.55987453,-0.09010284,0.47363973,0.6078204,-0.111824356,0.49084583,0.5789567,-0.1259925,0.5167978,0.4063302,-0.046847384,0.4977475,0.58212674,-0.08133882,0.52594745,0.62595654,-0.08542557,0.5354802,0.58566153,-0.08527645,0.5804266,0.42159232,-0.049436882,0.5600389,0.5906213,-0.07587126,0.5767177,0.6280607,-0.061353765,0.5857079,0.5929731,-0.04859426,0.63707197,0.4571914,-0.058541067,0.61761343,0.58875006,-0.07327716,0.62475765,0.6142895,-0.06630931,0.631671,0.5829904,-0.05692642
fist,0.63867986,0.66493976,-5.1223685e-07,0.5592302,0.6756739,-0.046223044,0.4879201,0.67350996,-0.08092058,0.44929808,0.6751078,-0.10900003,0.49182206,0.6563424,-0.12842518,0.4617589,0.43114963,-0.050175674,0.44590336,0.5678047,-0.089768305,0.48005205,0.61649144,-0.11141739,0.4970861,0.5872355,-0.12555687,0.52269715,0.41202483,-0.047312833,0.5044681,0.58954966,-0.08187241,0.5325222,0.6328534,-0.086117886,0.5418209,0.59222454,-0.086129285,0.586966,0.42733097,-0.050419427,0.56738657,0.5973667,-0.076974526,0.58441496,0.63436913,-0.062436916,0.5932194,0.59903616,-0.049725927,0.6444932,0.4625923,-0.059958763,0.6260682,0.5948371,-0.074629284,0.63378984,0.61954886,-0.06741615,0.64058954,0.58701134,-0.05787886
fist,0.64771444,0.67652816,-5.0325764e-07,0.5688798,0.6858362,-0.046618067,0.49700928,0.6842295,-0.08160857,0.46249995,0.6887869,-0.10968518,0.50690395,0.67289627,-0.12902538,0.473586,0.44252652,-0.053076804,0.45951548,0.5845989,-0.091825545,0.49236736,0.6346251,-0.112452194,0.50784504,0.60565275,-0.12625906,0.53656745,0.42392364,-0.050359316,0.52030987,0.6087569,-0.08460133,0.5459899,0.64883614,-0.08872398,0.5536645,0.6053453,-0.08899133,0.6024388,0.43997592,-0.053322494,0.584407,0.6162659,-0.07891705,0.5995636,0.648554,-0.063328795,0.60678405,0.60966945,-0.050302528,0.6611017,0.47570187,-0.06285575,0.64320433,0.61300206,-0.077874534,0.6505957,0.63297546,-0.07043187,0.6567057,0.5959899,-0.060658474
fist,0.6628246,0.690024,-5.151925e-07,0.5825545,0.69853556,-0.048481822,0.5092376,0.69741863,-0.0844083,0.47404712,0.70389265,-0.11299052,0.515839,0.69017947,-0.13242605,0.48347083,0.4546668,-0.05680294,0.47201928,0.59949577,-0.09583252,0.50442517,0.65083027,-0.11482285,0.51849645,0.62188804,-0.12745954,0.54834235,0.43514976,-0.053635873,0.53521854,0.6259756,-0.08930487,0.55921113,0.66758287,-0.09268281,0.5649842,0.62239695,-0.09210944,0.6160331,0.45070377,-0.056187022,0.6005389,0.63228756,-0.083201624,0.6144304,0.66473603,-0.06657204,0.62025005,0.6245906,-0.05247913,0.67636317,0.4857892,-0.06546809,0.66012466,0.6269082,-0.08173784,0.66666734,0.6466711,-0.07409857,0.67156565,0.6083458,-0.06382296
fist,0.6725979,0.6966518,-5.0607684e-07,0.5917156,0.70687765,-0.04865986,0.51804703,0.7081633,-0.084837005,0.48285642,0.7169225,-0.11349602,0.52179253,0.70539564,-0.13292535,0.4896701,0.46751386,-0.058710773,0.4804748,0.614437,-0.097562715,0.5126474,0.6645723,-0.11581615,0.5260318,0.63519543,-0.12788883,0.5554945,0.4468916,-0.05556211,0.5463062,0.6402639,-0.0908911,0.56895244,0.679326,-0.09365688,0.5730833,0.6332765,-0.09284649,0.62440795,0.46125323,-0.058035802,0.61272913,0.6453074,-0.085016236,0.6256598,0.67507255,-0.06770233,0.63029635,0.63411015,-0.053112887,0.6861483,0.49513096,-0.06725849,0.6717271,0.63728523,-0.084155224,0.677809,0.6545639,-0.07634433,0.68196744,0.61495113,-0.06575142
fist,0.6887213,0.6980723,-4.62561e-07,0.60994923,0.71649504,-0.049764644,0.53716344,0.7277955,-0.0875757,0.50196,0.7429449,-0.11776018,0.53784835,0.72897327,-0.13894778,0.5016892,0.48831004,-0.06191389,0.49794087,0.6385752,-0.10181074,0.5310389,0.68196964,-0.12127115,0.5426224,0.64824194,-0.13395742,0.56837547,0.46583876,-0.058780838,0.56654584,0.65906006,-0.09390445,0.58806586,0.6889023,-0.09673568,0.5885451,0.63924396,-0.09632677,0.63894546,0.47716498,-0.06124276,0.63422346,0.66109353,-0.088747956,0.6460842,0.6832888,-0.07105833,0.6477223,0.63908064,-0.05605476,0.70237654,0.5081882,-0.07048713,0.6931238,0.6496352,-0.08787991,0.6989331,0.65984774,-0.07950535,0.70105994,0.6159713,-0.06846342
fist,0.7003399,0.68362916,-4.3000864e-07,0.6241307,0.71132076,-0.05270978,0.5501988,0.73369193,-0.09195506,0.52066964,0.7544858,-0.12296529,0.565322,0.73678493,-0.14511111,0.5156012,0.50167465,-0.06887692,0.5213127,0.6484643,-0.10728911,0.5517589,0.6910187,-0.12417414,0.55899084,0.6584137,-0.13529274,0.58363223,0.47436666,-0.06457125,0.5946097,0.6653123,-0.09858517,0.61077094,0.6895986,-0.09999015,0.6053424,0.63863325,-0.0988233,0.6555514,0.48016277,-0.06562488,0.6632559,0.6633235,-0.09302154,0.66976357,0.6791298,-0.07474212,0.6655866,0.6311568,-0.059093006,0.7193366,0.50613725,-0.07360782,0.7182618,0.646535,-0.09198786,0.7215611,0.6531974,-0.08339687,0.7205317,0.6078683,-0.071987614
fist,0.7058477,0.66518974,-4.4916428e-07,0.63050723,0.69688606,-0.05640184,0.555148,0.722859,-0.0969049,0.5272937,0.7449039,-0.12876765,0.57748926,0.7227833,-0.15164879,0.5199336,0.49420816,-0.07273169,0.53080493,0.63430643,-0.11147098,0.5595293,0.6805378,-0.12643746,0.56412464,0.6512724,-0.1360459,0.5876896,0.4622913,-0.06681673,0.6049255,0.648722,-0.10190189,0.6188357,0.6795701,-0.101810716,0.6100378,0.63177556,-0.098951966,0.6593824,0.46408167,-0.06669017,0.6730687,0.64453596,-0.0958791,0.6772726,0.6653117,-0.07736732,0.6703073,0.61854285,-0.06084593,0.72227484,0.4864416,-0.07371613,0.72583866,0.6250985,-0.09274213,0.72730666,0.639034,-0.0840805,0.72444546,0.5987972,-0.07247273
fist,0.7059782,0.64154977,-4.751908e-07,0.63034046,0.6735021,-0.056495875,0.55413747,0.69647396,-0.095628545,0.5269441,0.71811086,-0.12641881,0.578378,0.6990491,-0.1482002,0.51790565,0.475666,-0.07083967,0.52899325,0.608657,-0.10929807,0.5588596,0.6594457,-0.12250791,0.5635876,0.63465476,-0.13077083,0.5831697,0.44044265,-0.06475619,0.60166556,0.6207245,-0.100941814,0.6174915,0.66056263,-0.10008768,0.60841906,0.6183094,-0.09600108,0.65314865,0.4398561,-0.06484226,0.6686703,0.6150676,-0.095209345,0.6752506,0.6441097,-0.07736796,0.6688781,0.60180104,-0.06088696,0.7147326,0.45945448,-0.07203937,0.7207315,0.594484,-0.09068455,0.72368383,0.61637706,-0.0824361,0.7214536,0.5820807,-0.07129188
fist,0.7034176,0.62856066,-4.6211954e-07,0.62733024,0.66096926,-0.05557142,0.55098605,0.68292606,-0.09369933,0.5268605,0.70621365,-0.1235019,0.5806295,0.6909766,-0.14442447,0.51626664,0.4677096,-0.07101235,0.52609766,0.6005329,-0.108960986,0.5570217,0.6505362,-0.12169808,0.5627204,0.6261431,-0.12969153,0.58043975,0.43180886,-0.06488775,0.5980842,0.611528,-0.100689635,0.6147289,0.64977914,-0.099492274,0.60645235,0.6086221,-0.09526311,0.6495947,0.43096867,-0.06481465,0.6651504,0.60556257,-0.09429799,0.6724576,0.6331956,-0.076282755,0.6667425,0.59134287,-0.05977265,0.71061546,0.44990724,-0.07182395,0.71663654,0.58402234,-0.089939706,0.7201732,0.60419756,-0.081922926,0.7184223,0.5696191,-0.07102664
fist,0.69674486,0.61522466,-4.5829074e-07,0.62253785,0.64729315,-0.05383554,0.54792655,0.66897595,-0.090109244,0.530774,0.69289684,-0.11782424,0.58873117,0.68079895,-0.13673583,0.5170506,0.46086454,-0.07190555,0.5285502,0.59437114,-0.10763917,0.55944645,0.64333284,-0.118700966,0.5661978,0.6193131,-0.12576374,0.5808996,0.4240583,-0.06579642,0.60193646,0.60580474,-0.09988099,0.6166154,0.6397443,-0.09832676,0.6086749,0.5988061,-0.09424551,0.64962494,0.42225856,-0.06516651,0.6690333,0.5987139,-0.092795,0.67318696,0.6216724,-0.07497423,0.6655816,0.5780798,-0.058901947,0.710447,0.44012207,-0.071502686,0.71818227,0.5747368,-0.08964547,0.7195419,0.5911666,-0.08229457,0.71633077,0.5545973,-0.07180383
fist,0.69321907,0.6085266,-4.494403e-07,0.6193203,0.6393849,-0.053364944,0.5456778,0.661094,-0.0891202,0.53467184,0.6864734,-0.11599709,0.59712225,0.67682767,-0.13413812,0.52029675,0.45652118,-0.07425618,0.53245425,0.5924567,-0.10888779,0.562371,0.6406961,-0.11896344,0.5695423,0.6156762,-0.12544662,0.5846479,0.41972065,-0.067904726,0.6074608,0.6050061,-0.10026686,0.61953723,0.63515174,-0.09774701,0.61095154,0.5927747,-0.09338619,0.6535855,0.4180696,-0.06666995,0.6750093,0.59855044,-0.09251676,0.67579734,0.6175821,-0.07384624,0.6667042,0.57204235,-0.057426352,0.71435285,0.43621093,-0.07247471,0.72220814,0.57317734,-0.09059058,0.7213566,0.5871677,-0.083137386,0.7175964,0.54947674,-0.07240585
fist,0.69144917,0.6042745,-4.339614e-07,0.6167235,0.6331483,-0.05273839,0.54389787,0.6535711,-0.08841213,0.5363999,0.6805425,-0.1151288,0.6008834,0.67442477,-0.13327393,0.5230981,0.45098138,-0.075625055,0.5356294,0.591263,-0.11027451,0.56479836,0.6380836,-0.12065021,0.5723173,0.6108925,-0.1273965,0.5881626,0.41580516,-0.06957301,0.61123335,0.6046823,-0.10090277,0.62165767,0.63225025,-0.09784551,0.61269546,0.58762896,-0.093465194,0.6575709,0.41581106,-0.06846411,0.6792657,0.60007364,-0.09346746,0.6785399,0.6168039,-0.07410138,0.66977566,0.56972283,-0.05738715,0.7186079,0.4355565,-0.07445886,0.72570115,0.57473004,-0.092855446,0.72381055,0.5874961,-0.0853214,0.720902,0.5491935,-0.07447887
fist,0.6968428,0.6092882,-4.2115934e-07,0.6191408,0.6359886,-0.053718477,0.5444313,0.65332925,-0.09055375,0.53646374,0.6801044,-0.118310034,0.6016975,0.6757547,-0.13738377,0.5259592,0.44587177,-0.07671763,0.53611106,0.5895947,-0.11275885,0.5652994,0.63718355,-0.12451062,0.572925,0.6089145,-0.13227226,0.5924099,0.41237894,-0.070734814,0.61204416,0.6046094,-0.10284974,0.622465,0.632381,-0.10024564,0.61370957,0.5854353,-0.09626663,0.6630222,0.4150117,-0.0698614,0.6816622,0.601537,-0.09514703,0.68107027,0.6191368,-0.07508229,0.67349184,0.57126325,-0.058003705,0.72498953,0.4376709,-0.07628046,0.7300297,0.5782664,-0.09495786,0.72841215,0.5911015,-0.08713292,0.7267017,0.5518426,-0.076053135
fist,0.69906247,0.610657,-4.31407e-07,0.62041503,0.6373997,-0.055668205,0.54485446,0.65429276,-0.09405609,0.5367584,0.68062717,-0.12300421,0.6032978,0.67580044,-0.14294481,0.52667826,0.4420619,-0.08009089,0.53679955,0.5879779,-0.117896,0.5660488,0.6371461,-0.1301721,0.5738721,0.608492,-0.13813075,0.5948996,0.40852776,-0.073815264,0.61393446,0.6031811,-0.10762732,0.62408906,0.6329482,-0.10491037,0.6152025,0.5848603,-0.10061339,0.6668886,0.41172576,-0.07284763,0.68521786,0.6002716,-0.09961374,0.6834469,0.6198409,-0.078908026,0.6754171,0.57099473,-0.0611761,0.72993106,0.43531632,-0.079376586,0.7345919,0.5772719,-0.09912574,0.7318912,0.59257615,-0.09125145,0.7300137,0.5538744,-0.07994139
fist,0.7005961,0.6138554,-4.430648e-07,0.6213739,0.6391752,-0.0558819,0.54535276,0.6547001,-0.094419815,0.53601533,0.6804875,-0.12351187,0.6021116,0.6754681,-0.14345919,0.52750456,0.44030896,-0.079609424,0.5361351,0.58696395,-0.11765498,0.56500477,0.63706726,-0.12999773,0.57295734,0.60900104,-0.13787861,0.5958673,0.40712053,-0.07322154,0.6138367,0.6032726,-0.10732595,0.6236767,0.6334883,-0.10455076,0.6147707,0.58547384,-0.09995499,0.66799736,0.41084036,-0.07222422,0.6853825,0.6007692,-0.09905614,0.68325704,0.62002087,-0.07801302,0.6748234,0.5707626,-0.05987657,0.73112947,0.43505478,-0.07879263,0.735516,0.5785891,-0.098592564,0.73286486,0.5931551,-0.090512715,0.73071355,0.55336463,-0.078800336
fist,0.704539,0.62162435,-4.5602533e-07,0.62440753,0.6449614,-0.053578325,0.5479628,0.6580947,-0.090960875,0.5339955,0.6810642,-0.11940577,0.59487337,0.6742581,-0.13873516,0.5279024,0.44195947,-0.07498207,0.53391206,0.58716476,-0.11279349,0.562739,0.63627636,-0.12584831,0.57071745,0.607959,-0.13422963,0.59518766,0.4104403,-0.06928609,0.6103908,0.60533667,-0.10302855,0.62168586,0.6354252,-0.10084869,0.613732,0.5876582,-0.096647225,0.66641366,0.4151669,-0.06894438,0.6809858,0.6040961,-0.095138386,0.6813173,0.6229914,-0.07422757,0.67419946,0.5745227,-0.056363802,0.7290152,0.44014916,-0.07597893,0.7314304,0.58320177,-0.09514144,0.7307552,0.5961814,-0.0868749,0.729357,0.55537033,-0.07505791
fist,0.70905185,0.6444117,-4.7284976e-07,0.6297111,0.661574,-0.04617681,0.5570649,0.6705844,-0.080740266,0.53533876,0.6922654,-0.108410314,0.5767955,0.6935747,-0.12829155,0.533098,0.46295008,-0.063704535,0.5288537,0.5987805,-0.10148859,0.55498594,0.6466832,-0.11782099,0.563233,0.62295496,-0.12826557,0.596791,0.43609124,-0.06150968,0.5990454,0.62003267,-0.09409445,0.6131052,0.65239424,-0.09467902,0.6087979,0.61030674,-0.092907846,0.66447175,0.44380683,-0.06437233,0.66690004,0.6232027,-0.08914543,0.672232,0.6444832,-0.07095587,0.6687392,0.60194176,-0.055938147,0.7247715,0.47102055,-0.07376744,0.72004443,0.6095227,-0.09093891,0.7227228,0.6224421,-0.08264011,0.72326344,0.58373,-0.07177162
